Название,Контакт,Описание,Валюта,Бюджет,Тип бюджета,Дата закрытия,Ответственное лицо,Стадия,Вероятность успеха
Ut repellat corporis quisquam error.,"Williamson, Cartwright and Marquardt",Ea dolores et dolore. Nemo ut qui sequi expedita et ut enim. Quisquam labore ut debitis autem omnis. Officiis soluta rerum labore mollitia qui.,Доллар США,64051.0,в месяц,2012-07-29,admin@example.com,Переговоры,0
Tempore dolor ut fugit veniam.,"Williamson, Cartwright and Marquardt",Omnis qui sunt architecto ut sit sed voluptatem. Non vitae nisi ratione quia quo voluptates. A at quos porro voluptates dolorem quaerat consequatur. Omnis dicta quisquam et sequi ea.,Доллар США,88338.0,в час,2012-07-29,admin@example.com,Устная договоренность,0
Illo culpa praesentium.,"Williamson, Cartwright and Marquardt",Sunt qui odit sit ea accusantium inventore consectetur. Molestias ratione ut ad nesciunt cum. Eveniet est unde laboriosam quidem officia quis. Ut hic ad.,Доллар США,48455.0,в год,2012-07-26,admin@example.com,Оценка,0
Perferendis cumque illo enim.,"Williamson, Cartwright and Marquardt",Nam nisi sapiente similique. Repellendus et consectetur officia et facilis. Enim eum optio. Cum nihil quis esse veritatis eligendi.,Доллар США,74143.0,фиксированный,2012-07-31,admin@example.com,Оценка,0
Tempora quaerat ut.,Carter Inc,Sapiente libero velit deserunt. Ut enim minima sunt totam et non. Autem rem quia qui fugiat natus. Fuga ut facere velit quibusdam nulla.,Доллар США,82293.0,в месяц,2012-07-31,admin@example.com,Успех,0
Ea doloremque ea quam.,Carter Inc,Assumenda alias libero ex eum sapiente provident. Fugiat esse quas velit non. Et ab consectetur.,Доллар США,19087.0,в час,2012-08-01,admin@example.com,Переговоры,0
Tempore dolores unde similique cum omnis.,Carter Inc,Odit eligendi dolores corporis excepturi tempore molestiae quidem. Quo sed suscipit fuga corrupti maxime. Dolorem quo optio et odio aut. Ea ut provident eos id aut. Inventore impedit numquam enim qui unde qui aliquam.,Доллар США,20748.0,в год,2012-08-01,admin@example.com,Начало,0
Autem aut voluptas.,Carter Inc,Omnis voluptatem blanditiis nobis quia quas sit debitis. Sit a consectetur neque dolorum incidunt enim voluptates. Itaque deleniti consequatur aperiam numquam molestiae. Id sunt repudiandae qui doloribus tenetur. Quia est beatae et reiciendis aut.,Доллар США,26962.0,фиксированный,2012-07-31,admin@example.com,Обсуждение,0
Nisi non porro commodi voluptatem.,"Pfannerstill, Carter and Bartoletti",In qui temporibus. Esse adipisci dolorum fuga. Similique sed error labore ab ea ea at. Voluptas aut voluptas aliquam sunt. Ipsam maiores provident ex et quis reiciendis.,Рубль,82764.0,в час,2012-08-01,admin@example.com,Устная договоренность,0
Et rerum illum est inventore aperiam voluptate.,"Pfannerstill, Carter and Bartoletti",Corporis voluptates nobis enim commodi natus. Cupiditate officiis reprehenderit. Qui commodi rem nisi et ducimus. Esse sunt dolor perferendis culpa. Laudantium quod qui quos est.,Доллар США,56358.0,в неделю,2012-08-01,admin@example.com,Оценка,0
Eos in aperiam maiores nihil doloremque itaque.,"Pfannerstill, Carter and Bartoletti",Maxime incidunt quae sint dolores. Aliquid debitis fuga nobis ut. Qui est omnis quibusdam id. Et asperiores qui commodi tempora dolor. Minima eaque dolor.,Доллар США,8405.0,в день,2012-08-01,admin@example.com,Успех,0
Est nisi aspernatur autem et.,"Pfannerstill, Carter and Bartoletti",Et tempora ut quod veniam. Placeat dolor ut voluptate ab et nihil labore. Consequatur nostrum maxime at tempore aut tenetur. Impedit placeat quia aperiam aut. Laboriosam consectetur ad accusantium totam provident.,Рубль,86637.0,в неделю,2012-08-01,admin@example.com,Оценка,0
Fuga laboriosam totam.,Hane-Kub,Ipsam quibusdam beatae quae praesentium. Blanditiis et dolorem rerum. Est illum eos sit. Magni neque dolorem enim aperiam velit saepe. Aut aliquid voluptatem quasi.,Рубль,31386.0,в год,2012-07-26,admin@example.com,Устная договоренность,0
Quos.,Hane-Kub,Maxime cum aliquid assumenda illo qui eaque. Debitis veritatis fugit aut aut. Consequatur quisquam officia vero at totam molestias. Ipsam doloribus beatae quod eum ut sequi. Ea et perferendis.,Доллар США,27698.0,в месяц,2012-07-29,admin@example.com,Оценка,0
Omnis aut minima recusandae quia cum.,Hane-Kub,Voluptatem et sit illum error autem explicabo voluptas. Cupiditate suscipit inventore sequi et hic voluptatibus. Voluptas ipsam assumenda exercitationem nihil consectetur quasi.,Рубль,90820.0,в месяц,2012-07-25,admin@example.com,Переговоры,0
Reiciendis magni.,Rosalyn Hayes,Ut qui quidem autem error tempore iusto omnis. Ut ullam inventore. Iure facere ipsam recusandae. Quo modi aliquid molestias enim.,Рубль,44440.0,в месяц,2012-07-26,admin@example.com,Успех,0
Quaerat deleniti eos natus consequatur.,Rosalyn Hayes,Qui vitae et eligendi. Similique quia nisi blanditiis impedit aut aut. Et fugit distinctio nisi. At ab molestiae ullam.,Доллар США,22146.0,в час,2012-07-26,admin@example.com,Нулевая точка,0
Cupiditate beatae atque.,Rosalyn Hayes,Ipsum dicta perspiciatis sint quibusdam nemo vero. Ut deleniti voluptate quas fugiat omnis. Ex saepe sequi voluptatum et unde. Distinctio et cum dolores voluptas.,Доллар США,53099.0,в час,2012-07-24,admin@example.com,Успех,0
Vitae iusto corporis voluptas saepe quibusdam architecto.,Clair Macejkovic,Qui alias voluptas. Temporibus facere blanditiis quo quis corrupti. Molestias omnis et. Temporibus voluptates animi quia voluptatum qui. Accusamus nostrum vel et voluptates.,Рубль,5550.0,в неделю,2012-07-27,admin@example.com,Оценка,0
Sapiente doloremque quidem laudantium non.,Clair Macejkovic,Et nam tenetur sed id. Ut quos qui consequatur provident eligendi. Voluptatibus quam ab praesentium. Nesciunt accusantium non eaque doloremque. Sint nemo est impedit.,Доллар США,25572.0,в месяц,2012-07-31,admin@example.com,Устная договоренность,0
Ea aliquid molestiae natus.,Alia Champlin,Quia vel et velit iste nulla. Ipsum odit consequatur et enim velit quam cumque. Provident iusto corporis eveniet illo.,Рубль,77296.0,в год,2012-07-31,admin@example.com,Обсуждение,0
Ducimus nisi modi rerum numquam.,Alia Champlin,Quos hic unde quis omnis consequatur nihil qui. Amet aperiam ea architecto aut. Omnis nulla culpa quod recusandae ut voluptatem.,Рубль,9933.0,в год,2012-07-25,admin@example.com,Нулевая точка,0
Velit laudantium eum libero necessitatibus suscipit harum.,Alia Champlin,Voluptatem quam sit sint accusantium modi. Dolores qui aut velit est et. Vel eveniet id qui deleniti. Earum pariatur et. Amet aliquam nemo magnam et veniam est.,Рубль,63479.0,в неделю,2012-07-28,admin@example.com,Переговоры,0
Ipsum sed aut eius.,Carrie Connelly,Omnis quos perspiciatis. Reprehenderit et impedit est omnis consequatur. Deserunt consequatur ut.,Доллар США,46947.0,фиксированный,2012-07-29,admin@example.com,Переговоры,0
Odio unde commodi aut est.,Carrie Connelly,Exercitationem repellat sit. Suscipit veritatis sint. Ut et sunt beatae voluptatum. Adipisci voluptas quia quia.,Рубль,57698.0,в месяц,2012-07-28,admin@example.com,Обсуждение,0
Et recusandae.,Humberto Mayer,In et eos aperiam repudiandae repellat veniam. Tempora expedita quibusdam praesentium molestiae aut hic. Quia dicta suscipit aut neque.,Рубль,50952.0,в неделю,2012-07-27,admin@example.com,Обсуждение,0
Facere dolorem adipisci at consequatur.,Humberto Mayer,Numquam quibusdam maiores impedit tempora. Quis molestias possimus. Dolor accusantium fugiat consequatur est odit dolores. Et ea possimus aperiam rerum.,Рубль,52225.0,в день,2012-07-26,admin@example.com,Начало,0
Rem error et assumenda optio repellendus.,Audra Cormier,Explicabo deserunt ut eos expedita dolor. Perspiciatis aut deserunt aliquam sed sit mollitia omnis. Et officia sit et. Fuga deleniti molestiae quas quae quis corrupti.,Рубль,24891.0,в год,2012-07-27,admin@example.com,Успех,0
Consequuntur dolor nulla repudiandae ipsa totam.,Audra Cormier,Pariatur aliquam consequatur nihil cumque est nihil nobis. Vel deserunt est sed. Ea enim labore culpa quos beatae odio.,Рубль,55086.0,в день,2012-08-01,admin@example.com,Нулевая точка,0
Ipsam.,Dariana McGlynn,Id dolorem quae labore. Velit aut fugiat quo. Omnis eum velit perferendis quo dolor dolorem ipsa. Qui est architecto et aut assumenda. Ratione aspernatur nam sit sapiente autem.,Доллар США,37060.0,в год,2012-07-31,admin@example.com,Оценка,0
Et et facilis quidem suscipit perspiciatis doloremque quas.,Annabell Hoppe,Aut qui eligendi. Dignissimos deleniti explicabo voluptatum quam in. Deserunt ut nemo nulla illo. Consectetur deserunt ullam aut ipsum non mollitia dolores.,Доллар США,16786.0,в час,2012-07-27,admin@example.com,Начало,0
Facere laboriosam hic est consequatur qui et quibusdam illum.,Annabell Hoppe,Aut voluptas qui odit expedita possimus velit est. Qui omnis quo voluptatem accusantium facere neque. Aut cum est labore ut quisquam.,Рубль,38097.0,в неделю,2012-07-31,admin@example.com,Успех,0
Et consequatur eveniet doloremque ut sequi ut.,Annabell Hoppe,Quia et odit sint fugit officiis. Ad vel similique exercitationem fugit consequatur error. Deleniti architecto tempora qui et nisi aut. Omnis sed quis. Consequuntur aliquam consequatur veritatis quia.,Рубль,60586.0,в год,2012-07-24,admin@example.com,Оценка,0
Fugit omnis soluta vitae.,Theresa Mitchell,Ut nisi ut ab. Tempora enim quibusdam. Qui qui molestias provident alias suscipit exercitationem. Voluptate ut doloremque id.,Доллар США,68675.0,в неделю,2012-07-24,admin@example.com,Начало,0
Fugiat aut qui quis est.,Ida Schroeder,Hic autem voluptas unde suscipit sit veritatis voluptas. Doloribus quibusdam sapiente qui voluptatibus vitae maiores. Eos minima velit repellendus.,Рубль,62965.0,в год,2012-07-27,admin@example.com,Нулевая точка,0
Ut iste veritatis et eum nostrum qui tenetur quae.,Ida Schroeder,Rerum quisquam enim ducimus alias iusto debitis dolor. Reiciendis ut qui. Non minus asperiores tempore deleniti sunt dolore. Dolorem quia aliquid quaerat error enim consequuntur. Voluptatem et quae.,Рубль,75559.0,фиксированный,2012-08-01,admin@example.com,Нулевая точка,0
Qui nisi odio dignissimos tempore quam.,Ida Schroeder,Totam iste ut eius sint illum. Nobis qui accusantium. Ea quo praesentium quae voluptas repudiandae et. Nulla eum molestiae illum ad et.,Доллар США,69834.0,в месяц,2012-07-30,admin@example.com,Оценка,0
Qui.,Leora Herzog,Eos numquam animi voluptatibus et modi magni tempore. Qui beatae eligendi ut modi aut. Et rerum minus eaque possimus qui earum eum.,Рубль,38080.0,в месяц,2012-07-25,admin@example.com,Обсуждение,0
Delectus praesentium.,Leora Herzog,Ad alias vitae iste aut ratione. Iste quae dolores molestiae blanditiis fuga libero. At aliquid nesciunt quasi ipsa illo et. Pariatur eius officiis unde praesentium qui molestiae.,Рубль,75021.0,в год,2012-07-24,admin@example.com,Нулевая точка,0
Officiis rerum amet.,Maya Barton,Repellendus labore iste id. Quaerat minima cumque in blanditiis sit excepturi earum. Magni non ipsum aut sint tempore in ea. Inventore asperiores est repudiandae officiis a facere ut.,Доллар США,86976.0,в час,2012-07-28,admin@example.com,Обсуждение,0
Explicabo odit ea in et voluptatem enim dolore.,Maya Barton,Sit praesentium consequatur vel adipisci. Fugiat facere mollitia. Architecto exercitationem iste sit.,Рубль,44732.0,фиксированный,2012-07-24,admin@example.com,Устная договоренность,0
Dolor possimus voluptatibus.,Maya Barton,Rerum odit ut nihil. Ducimus enim officia molestiae repellat tempora. Quia consequuntur sequi libero illum pariatur. Optio doloremque ut corporis aperiam omnis aut qui.,Доллар США,39096.0,в день,2012-07-29,admin@example.com,Оценка,0
Iusto quaerat ipsam perferendis.,Maya Barton,Quia quod placeat nobis a. Debitis cumque ad voluptate. Ipsum inventore eius blanditiis sunt consectetur.,Доллар США,54443.0,в неделю,2012-07-26,admin@example.com,Оценка,0
Modi qui pariatur accusantium.,Sigrid Nolan,Nihil voluptatibus et aliquid esse necessitatibus quae. Autem laborum officiis iste mollitia eum qui. Ex deleniti eaque consectetur est ea.,Доллар США,14128.0,в час,2012-07-26,admin@example.com,Нулевая точка,0
Sit et rem hic ab esse.,Ada Erdman,Possimus quo nobis et numquam ut. Voluptates sapiente nostrum perspiciatis sit porro est officia. Perspiciatis eveniet consequatur natus facilis repudiandae. Ullam voluptatibus qui velit possimus.,Рубль,86026.0,в час,2012-07-28,admin@example.com,Переговоры,0
Eveniet consequatur consectetur voluptatem cum suscipit voluptas.,Ada Erdman,Labore numquam recusandae. Qui repellendus tenetur dolorum iste autem. Doloribus porro harum aliquid vel. Impedit nam doloremque.,Рубль,81024.0,в день,2012-07-25,admin@example.com,Обсуждение,0
Aspernatur totam nemo repellendus velit.,Ada Erdman,Dolores quas recusandae. Recusandae vel iure non quibusdam. Magni et saepe aut iste similique. Aut rerum minus quam nihil et. Est eum harum et.,Доллар США,90737.0,в неделю,2012-07-26,admin@example.com,Устная договоренность,0
Id esse est.,General Klein,Quis non quaerat magnam et nobis sapiente dicta. Dicta architecto similique rerum omnis vero quis porro. Deserunt reprehenderit ducimus sit exercitationem et quisquam. Tenetur ea inventore nesciunt quae.,Доллар США,29986.0,в год,2012-07-30,admin@example.com,Оценка,0
Harum doloribus aut temporibus vitae autem nesciunt recusandae.,Jalen Block,Nobis quae recusandae laudantium tempora quas veniam. Ipsam vel earum facilis quia quam similique voluptate. Reprehenderit ut aliquid. Maiores a provident voluptas excepturi alias et laboriosam. Vero voluptatum autem nulla assumenda cum sit.,Рубль,52785.0,в неделю,2012-07-29,admin@example.com,Успех,0
Neque.,Jalen Block,Itaque quia tempora ducimus rerum est rerum eius. Ad velit est quae error. Voluptatem similique hic et exercitationem eum est mollitia. Vitae aut ut aliquid beatae.,Доллар США,76904.0,в год,2012-07-28,admin@example.com,Устная договоренность,0
Perspiciatis incidunt eius nisi ratione ut molestiae.,Jalen Block,Vel dolores voluptate est est eum corporis. Corrupti et impedit. Architecto omnis voluptatem corporis aut asperiores et.,Рубль,78131.0,фиксированный,2012-07-26,admin@example.com,Обсуждение,0
Sunt saepe praesentium vero minima ipsum.,Bella Hagenes,Cum ullam atque odit. Qui velit deleniti. Laudantium quo sit dolore. Voluptatum est veniam ab quia.,Рубль,52925.0,в год,2012-07-25,admin@example.com,Нулевая точка,0
Unde vitae.,Bella Hagenes,Culpa et magni ut blanditiis quo tenetur consequatur. Quidem quod aperiam quis rerum veniam unde. Qui deleniti porro. Possimus doloremque odit ut ducimus.,Доллар США,68502.0,в час,2012-07-24,admin@example.com,Устная договоренность,0
Repudiandae quos vel eum.,Bella Hagenes,Quam natus saepe. Quia ad aut. Est alias expedita dolore.,Доллар США,1020.0,фиксированный,2012-07-27,admin@example.com,Успех,0
In sed harum nihil.,Rodger Beer,Quia voluptas sit. Est necessitatibus quae esse facere inventore. Enim modi id. Minima dolorem similique magnam eius occaecati repellendus cupiditate. Quae possimus et.,Доллар США,82565.0,в год,2012-07-25,admin@example.com,Нулевая точка,0
Ut labore natus aliquam sunt.,Rodger Beer,Ut quis iste eveniet ipsam. Expedita dolorem delectus quibusdam. Quam dolorem vitae odit dolores eos eveniet. Accusantium corporis facere veniam numquam laborum. Ea ad omnis.,Доллар США,58121.0,в час,2012-08-01,admin@example.com,Успех,0
Rerum magnam.,Rodger Beer,Rerum ullam quas cum voluptas quis qui. Aut iusto est. Vel est repellendus ipsa iure reiciendis distinctio eos.,Рубль,11252.0,в год,2012-08-01,admin@example.com,Устная договоренность,0
