Название,Тип задания,Описание,Контакт,Срок выполнения,Назначить на
Amet magni velit necessitatibus.,Демо,Sed qui enim deleniti ullam unde a. Maxime nihil mollitia. Excepturi odit blanditiis eum reiciendis consequuntur et. Impedit aut ducimus magnam dolor. Corrupti dolor sapiente aliquid et doloremque voluptas facere.,"Conn, Mann and Hand",2012-07-27,admin@example.com
Earum excepturi odio velit dicta doloribus est.,Заметка,Quo perferendis quos. Sit unde ut veritatis laboriosam fugit. Aut perspiciatis qui vel quam ea. Illo modi eaque dolor autem voluptates explicabo et.,"Conn, Mann and Hand",2012-07-31,admin@example.com
Et nihil et in eaque nihil et eligendi doloribus.,Демо,Distinctio pariatur repudiandae quis odit neque laborum. Iusto eveniet sunt corporis. Provident ratione praesentium.,"Conn, Mann and Hand",2012-07-29,admin@example.com
Quia laudantium unde vero.,Электронная почта,Atque at ut. Quibusdam velit aspernatur voluptates. Quo quasi quis. Qui non doloremque voluptas. Ut ab eos fuga distinctio ut.,"Williamson, Cartwright and Marquardt",2012-07-25,admin@example.com
Voluptas omnis quo corrupti explicabo.,Звонок,Ea rerum sunt non autem dolores architecto sit. Rerum cum quia et dicta esse est enim. Aliquam commodi repellendus ipsa. Necessitatibus consequatur nobis maxime ut porro sequi nihil. Possimus ducimus fuga earum occaecati velit incidunt.,"Williamson, Cartwright and Marquardt",2012-07-25,admin@example.com
Veritatis quam quasi culpa.,Обед,Aut error iure quo quidem qui. Voluptates ut eligendi veritatis quo qui et unde. Omnis veritatis praesentium aut facilis hic. Quis molestias quidem architecto eum porro veritatis.,Carter Inc,2012-07-28,admin@example.com
Ducimus velit.,Заметка,Sapiente quia aliquid doloremque ipsum. Culpa mollitia ut animi porro et. Minus suscipit facilis. Similique odio neque dolores.,Carter Inc,2012-07-28,admin@example.com
Eum velit quia qui modi nobis in.,Звонок,Harum nihil velit sint ut maxime ratione. Voluptatem ut illum explicabo omnis. Incidunt vel at saepe. Ea sed non doloremque et. Qui amet sed quis nihil.,Carter Inc,2012-07-28,admin@example.com
Molestiae perspiciatis ut fuga.,Доставка,Ea et aut numquam. Officiis illum architecto dolores velit assumenda tempore. Ut hic adipisci assumenda. Adipisci dolores qui eos officiis et dolor quo. Et dolor qui aut quo repellendus ut libero.,Carter Inc,2012-07-28,admin@example.com
Soluta repellat qui voluptatem eveniet labore sed similique.,Социальные сети,Vitae perferendis aut itaque delectus nihil maxime. Est earum perferendis id. Autem est natus expedita. Ut illum dolorem voluptas aut laboriosam sapiente alias. Cum illum aliquam et.,"Pfannerstill, Carter and Bartoletti",2012-07-29,admin@example.com
Aut minus esse at et sunt dolorem.,Проверка выполнения,Non qui officia est et ut. In est fugiat temporibus dignissimos nesciunt. Dolores quam culpa illo ad quis eveniet occaecati.,"Pfannerstill, Carter and Bartoletti",2012-07-28,admin@example.com
Eaque dolore quae.,Обед,Cupiditate mollitia autem magnam explicabo corrupti reiciendis. Et eos voluptatem. Deserunt omnis dicta sunt incidunt iure esse ex. Ex laborum ut unde vel eum rem illo.,"Pfannerstill, Carter and Bartoletti",2012-07-27,admin@example.com
Qui reprehenderit quos nam magni ut praesentium.,Встреча,Repellendus fuga nulla molestiae maxime. Ut libero unde porro dolor consectetur et est. Ut exercitationem est commodi voluptatibus nihil consequatur. Rem quia vel recusandae aspernatur quod eos. Voluptatibus assumenda illum explicabo.,"Pfannerstill, Carter and Bartoletti",2012-08-01,admin@example.com
Voluptates.,Проверка выполнения,Consequuntur libero ullam molestias voluptatem aperiam. Quisquam quia omnis mollitia. Molestiae est reiciendis.,Hane-Kub,2012-07-25,admin@example.com
Nemo nihil recusandae quis sit rem.,Звонок,Minus est quis. Voluptatem ea quod quasi dolor explicabo reiciendis enim. Explicabo possimus perferendis voluptatem cumque. Sit iure in.,Rosalyn Hayes,2012-07-30,admin@example.com
Ut omnis et accusantium sunt.,Социальные сети,Explicabo repellat et. Tempore ea vitae et. Nam nemo sed voluptatem fugit fuga.,Rosalyn Hayes,2012-07-24,admin@example.com
Facere culpa quos sit.,Факс,Dignissimos cupiditate maxime animi aut sequi asperiores autem. Commodi excepturi non dolorum omnis quia ipsa similique. Aliquid corporis commodi iusto nostrum officia odio.,Rosalyn Hayes,2012-07-31,admin@example.com
Illum alias qui aut doloremque iste.,Возможная сделка,Perferendis nostrum explicabo quia. Quas eum atque sint minus quia. Architecto ut et cumque odit totam provident autem. Dolorum voluptatum eligendi tempora. Autem sed nesciunt ratione sit repudiandae et.,Rosalyn Hayes,2012-08-01,admin@example.com
Necessitatibus corporis laudantium nobis.,Демо,Ullam corrupti quia est odio est tempore recusandae. Consequatur suscipit quis tenetur molestias voluptatem saepe dolores. Molestiae minima molestias. Cupiditate ut consequatur modi et ducimus.,Clair Macejkovic,2012-07-29,admin@example.com
Non ut esse dolores velit nam autem.,Возможная сделка,Qui unde natus vel consequatur corporis exercitationem. Quo cupiditate voluptatibus impedit aut explicabo. Maxime laborum voluptatum laudantium animi ut et. Dolores veniam dolor officiis asperiores nihil quia sunt.,Clair Macejkovic,2012-07-29,admin@example.com
Ad voluptatum temporibus eius quisquam qui.,Доставка,Harum ex adipisci temporibus voluptates. Voluptas omnis aliquid. Delectus rerum eveniet illo. Ut rerum ut magnam nihil unde in nulla.,Clair Macejkovic,2012-08-01,admin@example.com
Assumenda minima.,Электронная почта,Tempore earum harum. Harum error enim. Quibusdam sed in ipsam aut illo. Sint optio quidem asperiores est et a. Totam velit rerum eos dolorum officia.,Alia Champlin,2012-07-26,admin@example.com
Excepturi.,Социальные сети,Consequuntur rerum rerum itaque sed impedit molestiae odit. Sint est quasi iure. Nam quo id minima. Est necessitatibus aut dolorum. Expedita esse accusantium et soluta.,Alia Champlin,2012-07-26,admin@example.com
Est culpa qui pariatur soluta necessitatibus iure.,Встреча,Sint dolores debitis excepturi facere consequatur. Suscipit consectetur et aut aut autem necessitatibus dolor. Et sit iusto. Nemo voluptatum harum suscipit repellendus quis veniam sed. Adipisci et praesentium voluptas tenetur.,Alia Champlin,2012-07-28,admin@example.com
Minima exercitationem.,Проверка выполнения,Debitis voluptatibus ipsam et et quo esse beatae. Sed iusto ipsam nam. Sed voluptas nesciunt quidem atque.,Carrie Connelly,2012-07-25,admin@example.com
Officiis dolores ratione molestiae.,Возможная сделка,Laudantium earum consectetur illo minima. Ratione itaque est provident quo amet eum eaque. Saepe eos incidunt excepturi aut qui. Dolor non quia omnis incidunt.,Carrie Connelly,2012-07-30,admin@example.com
Perferendis nihil qui iste.,Электронная почта,Velit quia maxime. Eveniet quod aut dicta debitis sed facilis. Praesentium qui dolor debitis pariatur. Voluptatem aut adipisci repellendus minus et. Sit esse assumenda ut odit amet.,Newton Windler,2012-07-30,admin@example.com
Ullam voluptas harum sed sit unde.,Заметка,Illo quis voluptas cupiditate ea qui. Non modi velit natus distinctio. Atque voluptates ut non dolor. Nam saepe quo. Et dolor sapiente perspiciatis facilis.,Newton Windler,2012-07-29,admin@example.com
Nesciunt quo quaerat.,Проверка выполнения,Dolorem recusandae veritatis amet provident praesentium consectetur. Et assumenda exercitationem voluptatem ipsa. Et eligendi quia ut eum aut.,Newton Windler,2012-07-31,admin@example.com
Quos eum quidem corrupti aliquam consequatur quis.,Социальные сети,Possimus totam aut deleniti in labore. Sit numquam enim sit id ullam delectus qui. Illum nostrum aut tempora non velit. Et architecto nisi voluptatem odio.,Humberto Mayer,2012-07-24,admin@example.com
Labore sed facilis.,Возможная сделка,Minus et sit et sunt voluptas. Adipisci quo ut non magnam. Repudiandae quod tempore soluta illo eum nam. A doloremque qui magnam ab alias inventore est.,Audra Cormier,2012-07-27,admin@example.com
Corrupti similique laborum quod itaque.,Проверка выполнения,Quas perspiciatis voluptatem provident quia a. Aut atque iste laboriosam quis explicabo sapiente vero. Quibusdam non ducimus qui consequatur nemo voluptas voluptatem.,Audra Cormier,2012-07-24,admin@example.com
Unde qui temporibus porro.,Демо,Possimus rerum maiores rem eos ullam excepturi. Cupiditate non et nostrum repellendus sint quos. Consequatur repellendus dolor earum et voluptatem illo in. Enim sequi rerum qui.,Audra Cormier,2012-07-29,admin@example.com
Earum expedita quod eum quibusdam.,Заметка,Suscipit occaecati delectus non esse. Officia asperiores tempore corporis suscipit. Nesciunt officia voluptatem omnis ipsam occaecati.,Audra Cormier,2012-07-25,admin@example.com
Vel.,Демо,Ut tempora explicabo eum odit mollitia tempore voluptatem. Dolor nam quo ut impedit. Assumenda fugiat suscipit quaerat.,Dariana McGlynn,2012-07-27,admin@example.com
Velit voluptas.,Проверка выполнения,Nemo omnis voluptatum. Quae laborum sunt aliquam quisquam. Iusto et quisquam totam recusandae nemo est. Dignissimos quidem deleniti. Dolorem voluptate et inventore laboriosam.,Dariana McGlynn,2012-08-01,admin@example.com
Repudiandae illum incidunt rerum.,Звонок,Ea et recusandae voluptatum ipsa similique illum. Consequatur numquam ipsum qui ut nobis at. Voluptatem doloribus rerum delectus dolorem error impedit dolor.,Dariana McGlynn,2012-07-29,admin@example.com
Sapiente aliquid architecto occaecati.,Выражение благодарности,Voluptas neque asperiores commodi inventore ipsam tempore. Asperiores ut in nam voluptas commodi dignissimos. Accusamus expedita fugit dolore quia.,Annabell Hoppe,2012-07-24,admin@example.com
Alias quam dolorum natus harum exercitationem.,Обед,Mollitia ut cumque ullam reiciendis et. Nostrum mollitia porro maiores error delectus et. Labore incidunt ipsam. Doloremque voluptates impedit. Ut dolores unde consectetur qui commodi est hic.,Annabell Hoppe,2012-07-25,admin@example.com
Fugit accusamus blanditiis qui repellendus.,Звонок,Molestias quia inventore et nesciunt asperiores dolore. Deleniti harum voluptas. Accusantium ipsum ratione explicabo fuga maiores distinctio.,Annabell Hoppe,2012-07-28,admin@example.com
Voluptatem praesentium velit laudantium.,Встреча,In quis nesciunt officiis voluptate itaque ea ipsam. Totam voluptas delectus numquam et aut. Et aut libero ipsum qui occaecati. Dolorum quibusdam nam sit.,Theresa Mitchell,2012-07-31,admin@example.com
Hic et ullam.,Встреча,Harum voluptatem minima quaerat porro eligendi ut. Doloribus impedit aut. Sunt placeat quis quam tenetur.,Theresa Mitchell,2012-07-31,admin@example.com
Voluptatum aut doloremque.,Социальные сети,Commodi id aut a enim quas repudiandae. Laudantium velit qui deleniti rem. Enim placeat laborum ipsa. In vel adipisci qui id.,Theresa Mitchell,2012-07-25,admin@example.com
Laudantium ab quis et.,Социальные сети,Blanditiis laudantium dolorem vitae voluptatibus. Dolor fugiat quasi veritatis qui expedita ut similique. Molestiae cum perspiciatis. Rerum quisquam autem. Possimus est sit tempora et.,Ida Schroeder,2012-07-29,admin@example.com
Facilis ut commodi ab.,Выражение благодарности,Iure sint ab. Id distinctio natus voluptas. Soluta corporis doloribus quia quam praesentium consectetur fuga. Voluptatem aut amet praesentium quod provident veritatis consequatur. Sunt fugiat molestiae voluptate expedita.,Ida Schroeder,2012-07-25,admin@example.com
Beatae facere qui dolorum nemo corrupti nostrum illum.,Встреча,Voluptatem explicabo excepturi itaque. Id dolores tempore est qui aut voluptatem. Fuga sed quia qui natus aspernatur quos. Commodi minima fuga voluptate harum quas. Et provident ipsa nihil.,Sigrid Nolan,2012-07-28,admin@example.com
Veniam itaque sed.,Обед,Est provident voluptas. Et nesciunt rerum voluptate. Ipsam sint distinctio. Non numquam natus quam suscipit est molestiae aut. Reiciendis beatae quia optio nesciunt.,Ada Erdman,2012-07-25,admin@example.com
Id laboriosam aut rerum.,Демо,Corporis ut aut eum eos ullam accusantium. Non et voluptatum dolorem illum non. Cum quia inventore consequuntur. Non aspernatur repellat qui dolor. Excepturi voluptates pariatur soluta placeat.,Ada Erdman,2012-07-28,admin@example.com
Ab aut eum repudiandae deserunt.,Социальные сети,Ratione dolorum unde ut saepe molestiae. Vero ipsum a. Neque assumenda voluptates ducimus vitae dolor delectus aut. Voluptatum repellendus nisi ea.,Ada Erdman,2012-07-25,admin@example.com
Quia.,Возможная сделка,Dolorem beatae velit mollitia. Autem dolorum est sit sapiente. Ipsum natus dolore sunt dicta esse rem. Quam sit perferendis nam voluptatum.,Ada Erdman,2012-07-24,admin@example.com
Culpa nulla ut vitae rerum id placeat unde.,Встреча,Consequatur molestiae dolorem quis ullam voluptas. Eius natus asperiores. Dignissimos sapiente enim nostrum labore quis aut. Voluptates in ullam deleniti.,General Klein,2012-07-24,admin@example.com
Pariatur voluptatem quo voluptatem placeat.,Обед,Quia est dolorum amet. Tempora dignissimos illo. Quia beatae ipsum. Velit consequatur mollitia id alias. Est numquam accusantium in ut.,General Klein,2012-07-25,admin@example.com
Culpa aut est molestiae itaque necessitatibus voluptatibus sint.,Заметка,Quibusdam alias explicabo dicta qui voluptatum delectus. Est dolores est. Ut sint tempore beatae odit.,General Klein,2012-07-25,admin@example.com
Recusandae ullam voluptas.,Демо,Atque eos sit et est. Odit vitae impedit numquam ea qui autem voluptas. Eveniet vel voluptatem et veniam. Ullam eaque in placeat ut.,Jalen Block,2012-07-26,admin@example.com
Vel exercitationem.,Выражение благодарности,Perferendis sint ut consequatur sit deserunt libero et. Atque voluptatem repellat quis quia consequatur neque. Quod rerum omnis cumque quo quidem rerum.,Jalen Block,2012-07-25,admin@example.com
Et labore natus quibusdam consequuntur nihil ipsum.,Встреча,Dolor animi sed ipsa exercitationem qui odit vero. Qui in laudantium. Est ut et ea. Ut quia voluptas tenetur maiores nemo a itaque. Voluptatem consectetur earum et dolore possimus.,Jalen Block,2012-07-25,admin@example.com
Et nulla ea mollitia reiciendis tempore.,Социальные сети,Architecto voluptas consequatur officia. Deserunt dolorum perferendis necessitatibus odio ad ipsum. Tempore vitae voluptas.,Jalen Block,2012-07-24,admin@example.com
Et quod quia recusandae earum numquam.,Обед,Sit facilis molestiae ipsum aut impedit velit. Consequatur aut laboriosam quis perferendis eos. Nesciunt alias sint expedita. Nulla vero ab temporibus rem architecto aspernatur perspiciatis.,Bella Hagenes,2012-08-01,admin@example.com
Sed officiis temporibus.,Проверка выполнения,Enim quod in iusto. Maiores consequuntur quia tenetur veritatis aperiam. Aut non corporis.,Bella Hagenes,2012-07-27,admin@example.com
Rem omnis animi enim non rerum nemo aspernatur.,Демо,Eligendi ullam praesentium. Perspiciatis et quasi architecto et similique quis. Ullam tempora eligendi exercitationem neque cumque.,Rodger Beer,2012-07-24,admin@example.com
Rem.,Выражение благодарности,Delectus et eos earum doloribus dolorem ratione debitis. Placeat culpa non. Sunt ab qui sed magnam.,Rodger Beer,2012-07-30,admin@example.com
Non laudantium veritatis ut sint animi dolorem itaque.,Выражение благодарности,Eos temporibus eum voluptatum est nihil. Magni quae velit iste aspernatur. Voluptatibus inventore voluptate voluptas debitis optio. Ad est quasi nam.,Rodger Beer,2012-07-26,admin@example.com
Culpa doloremque ipsam non tempore rerum.,Социальные сети,Consequatur rem voluptates ad asperiores eum voluptatem amet. Enim nemo voluptas quae ut adipisci aut. Mollitia ea ad rerum. Autem eum illum unde dolorem omnis dolores. Error rem quo pariatur ea ea qui perferendis.,"",2012-07-24,admin@example.com
Et qui suscipit asperiores sed cupiditate voluptatum.,Электронная почта,Et delectus hic quia. Culpa ipsam deleniti quod laboriosam officia. Voluptatem minima repudiandae fugit dolorem eum. Repellendus qui ut et.,"",2012-07-26,admin@example.com
Consequuntur voluptatem nobis aut qui nihil aperiam fugiat.,Доставка,Suscipit modi earum nostrum asperiores optio dicta. Voluptatibus placeat porro est. Quas sit eos sint quisquam rerum quae recusandae. Sequi voluptates sed.,"",2012-07-26,admin@example.com
Unde omnis qui et dicta.,Обед,Dolor commodi similique sit qui et est sint. Et eveniet qui repudiandae qui. Quam voluptas ipsum aperiam omnis rerum itaque.,"",2012-07-25,admin@example.com
Aut nemo sit quibusdam suscipit.,Встреча,Ad aut harum doloremque nemo enim quasi. Voluptate recusandae fuga sed et et voluptatibus accusamus. Sed veritatis ut ullam possimus.,"",2012-07-31,admin@example.com
Atque natus.,Демо,Aut aperiam similique et. Sed numquam vitae voluptatem dignissimos. Est reiciendis qui tempore. Facere consequatur vitae voluptas explicabo nihil enim. Laborum accusamus possimus rem.,"",2012-07-25,admin@example.com
Neque labore eum et possimus deleniti qui inventore.,Выражение благодарности,Et consectetur reiciendis omnis qui molestiae. Natus autem cumque nostrum. Blanditiis temporibus delectus.,"",2012-07-26,admin@example.com
Nam voluptates sunt consequatur et autem in.,Электронная почта,Esse veritatis facilis error consequatur. Facilis possimus vel dignissimos. Aut qui fuga dignissimos nihil perferendis et.,"",2012-07-28,admin@example.com
Dolorem reprehenderit enim.,Социальные сети,Nemo impedit architecto minima rerum. Magnam nisi aut nam quidem dolore provident omnis. Sint perspiciatis optio sed culpa possimus cum. Hic tempora omnis. Corrupti tempora ut ut dignissimos repellendus eum.,"",2012-07-26,admin@example.com
Magni molestiae.,Звонок,Qui voluptas voluptatum commodi. Est unde eos. Doloremque nemo quisquam illum commodi necessitatibus fugiat. Ea et illo. Est illo amet quo quo.,"",2012-07-24,admin@example.com
Officia mollitia quaerat.,Обед,Alias sunt aut ab non. Eligendi officiis tempora iure aut nulla esse quod. Ut cupiditate tempore facilis in magni eaque deserunt. Illo blanditiis non aspernatur quos.,"",2012-07-30,admin@example.com
Necessitatibus corrupti perspiciatis soluta mollitia.,Факс,Dignissimos excepturi sint. Sequi dolorem omnis. Alias iste ea quos vero provident. Et sed et ea. Et sint occaecati tenetur incidunt laudantium suscipit repudiandae.,"",2012-08-01,admin@example.com
Exercitationem incidunt velit ut qui distinctio eum.,Электронная почта,Magnam ut dolorem aliquam quisquam debitis. Consequatur suscipit dolorem. Fuga aspernatur ut veniam pariatur sit. Sunt modi cum eius voluptatum nisi eos.,"",2012-07-29,admin@example.com
Officiis odio quam eveniet delectus.,Социальные сети,Et enim molestias sit autem corrupti excepturi. Accusamus distinctio iste quam totam omnis dolor ex. Delectus provident et.,"",2012-07-30,admin@example.com
Possimus aut sit vel voluptatem.,Факс,Aliquid eos vero architecto qui dolore dolorem. Et libero quis aut deserunt beatae fugiat. Minus dolores et tempora laboriosam explicabo est odit. Temporibus dignissimos voluptatibus asperiores vero.,"",2012-07-26,admin@example.com
Velit sed qui eius aperiam quis.,Доставка,Nihil natus nesciunt. Cumque qui aut minima quisquam aut fugiat. Ipsa voluptatum dignissimos provident quo fugiat nobis nihil.,"",2012-07-30,admin@example.com
Voluptatem adipisci aut voluptatum ut magnam sed.,Выражение благодарности,Sapiente corrupti velit aliquam quasi at eos et. Quo voluptatem ut minus. Cumque quibusdam debitis.,"",2012-07-29,admin@example.com
Quo pariatur et voluptas dolorum esse.,Проверка выполнения,Qui adipisci perspiciatis temporibus. Quos qui sint nobis quia quae vel laborum. Delectus quis dolorum quaerat et aut. Veniam vel ut. Eos quaerat dignissimos recusandae qui excepturi.,"",2012-07-29,admin@example.com
Magnam doloremque deserunt eos vero libero non assumenda.,Социальные сети,Fugit consequatur veritatis eos nihil est autem dolores. Ut sed nihil totam et. Neque ut excepturi maiores adipisci qui. Quia quos dignissimos voluptas est ut eaque.,"",2012-07-27,admin@example.com
Vero quis aperiam dolorem sed placeat.,Демо,Rem veniam nulla ut. Error et minima aut. Cum praesentium reiciendis voluptatem labore rem et alias. Vel rem eum. Repellat necessitatibus dolor.,"",2012-07-24,admin@example.com
Veniam ullam cupiditate quae.,Выражение благодарности,Iste error esse officiis. Officiis est et neque voluptas et qui. Et tenetur est ipsam quisquam deserunt non. Saepe eos nihil et quas soluta.,"",2012-07-24,admin@example.com
Dolorum rerum blanditiis eligendi repellendus.,Обед,Neque dignissimos aut porro voluptatem. Hic natus quia placeat quos. Numquam et esse alias quaerat quisquam.,"",2012-07-25,admin@example.com
Non vitae omnis nemo.,Демо,Asperiores illum aliquid dignissimos expedita vitae omnis qui. Corrupti nobis assumenda sequi odit molestias magnam. Doloremque recusandae asperiores occaecati quibusdam nulla. Voluptatibus suscipit itaque vitae odio eos nemo omnis. Aut quo natus recusandae voluptas officiis dolorum.,"",2012-07-30,admin@example.com
Eum maxime nihil et nostrum possimus.,Встреча,Rem velit saepe. Beatae asperiores hic. Repudiandae dignissimos laudantium sit repellendus quas perspiciatis.,"",2012-07-25,admin@example.com
Eaque error magnam.,Доставка,Eius autem temporibus libero quaerat. Delectus ut et quos est iusto. Sed eos molestiae praesentium error voluptas quis ad. Laudantium similique dolor officia nihil hic.,"",2012-07-25,admin@example.com
Eveniet et voluptatem quasi explicabo ut.,Доставка,Alias eaque voluptate. Magni placeat corrupti. Totam nulla ab illum rem perferendis ipsum quod.,"",2012-07-31,admin@example.com
Molestiae omnis doloribus veniam nisi.,Доставка,Eos quo quo voluptatem non nesciunt. Quasi cupiditate aperiam. At modi laboriosam et. Aliquam error velit voluptatem.,"",2012-07-24,admin@example.com
Accusamus veritatis eveniet error.,Проверка выполнения,Velit sequi ea perferendis. Dolore dignissimos tenetur ea id sint. Voluptatem ea fugiat. Facilis autem exercitationem.,"",2012-07-29,admin@example.com
Vel ut blanditiis quae voluptas.,Демо,Aspernatur odit fugiat. Commodi pariatur unde omnis modi. Distinctio ut impedit.,"",2012-07-30,admin@example.com
Tenetur omnis et dolorem non velit.,Проверка выполнения,Enim quo sed quasi officia quisquam. Aut perferendis velit ea maiores. Voluptas labore rem eum et alias tempora repudiandae. Maiores rem nam quam cumque maxime. Sint voluptas molestias aliquam eveniet exercitationem nobis.,"",2012-07-28,admin@example.com
Delectus ducimus in dicta natus.,Доставка,Nulla esse eum non. Molestiae sapiente blanditiis. Non ea iure enim qui maiores velit officia. Saepe fugiat alias. Tenetur reiciendis soluta pariatur iusto maiores harum sed.,"",2012-07-30,admin@example.com
Delectus ratione.,Электронная почта,Hic sit repudiandae id. Sint quos iste quasi doloribus. Alias dignissimos eos est blanditiis.,"",2012-07-26,admin@example.com
Aut sequi facere omnis eum in.,Демо,Dolore molestiae qui necessitatibus consectetur esse. Ducimus et enim. Quae quibusdam inventore veritatis ipsum. Ut temporibus deserunt et ab nesciunt sint et.,"",2012-08-01,admin@example.com
Maiores quis.,Факс,Pariatur harum nesciunt quibusdam ratione. Pariatur exercitationem itaque. Omnis voluptatum ut sed saepe ipsa quis. Adipisci enim cupiditate iste eum. Consequatur dolorem aut et.,"",2012-07-29,admin@example.com
Doloremque dolore sint quia est aspernatur hic odit.,Проверка выполнения,Quos occaecati soluta. Asperiores voluptatem dolorum doloribus. Quo quaerat est quis repudiandae voluptates dolorem. Voluptate beatae et autem error voluptatibus vitae. Neque perspiciatis culpa voluptatem sed quos distinctio.,"",2012-07-25,admin@example.com
Aliquid non totam delectus.,Звонок,Nobis reiciendis et et. Dolores eligendi et tempora doloremque. Ratione quae omnis vel.,"",2012-07-25,admin@example.com
Reprehenderit eligendi.,Факс,Recusandae pariatur molestias ipsa sed eum et asperiores. Facere repellendus quis est corporis omnis in fugit. Sed vel tempora aut reprehenderit assumenda omnis. Saepe libero vero quae aut voluptatum. Enim voluptatum est quod officia.,"",2012-07-27,admin@example.com
Voluptas delectus aspernatur officiis neque.,Электронная почта,Est facere voluptas eaque. Qui dolores magni quo. Aut totam quis. Quo veniam totam. Harum quasi quod et.,"",2012-07-31,admin@example.com
Voluptas.,Социальные сети,Nulla rerum beatae ipsa sed accusamus. Quia magnam ut possimus laboriosam. Quia quibusdam et beatae ratione voluptas nisi non. Quas officiis iure ipsa.,"",2012-08-01,admin@example.com
Sed ea tempore aut.,Звонок,Quam distinctio et ex quasi rem deleniti. Dolore sit asperiores sed nemo. Magnam eum sequi qui dolor. Aut perspiciatis sint reiciendis magni.,"",2012-07-30,admin@example.com
Quam inventore.,Факс,Aperiam rem occaecati quaerat aut. Quibusdam molestias ipsam harum voluptatibus sed eos laborum. Earum ad omnis tempora quasi a ducimus.,"",2012-07-28,admin@example.com
Neque facere officia dicta.,Социальные сети,Minima et repellendus voluptatem provident labore aperiam. Ex distinctio eum ratione. Voluptatibus occaecati modi voluptatem. Nihil eos voluptate ut qui.,"",2012-07-27,admin@example.com
Quidem animi et tenetur et.,Проверка выполнения,Autem et nulla sit nihil illo magni eum. Aliquam inventore est excepturi ipsam. Non delectus quia maiores voluptatem nobis et. Aspernatur ratione nihil sit nam impedit excepturi. Officia autem qui non rerum.,"",2012-07-30,admin@example.com
Sapiente magnam eveniet vel.,Социальные сети,Aut dignissimos rerum ipsum sed et fugit. Ex pariatur neque optio amet architecto. Inventore sed illo voluptatibus incidunt officiis asperiores. Repellat eum vel laboriosam.,"",2012-07-31,admin@example.com
Ad ipsam veritatis eveniet aut quis.,Проверка выполнения,Esse reiciendis porro. Sed dolores facilis qui in rerum eum. Id perspiciatis minima omnis provident ratione excepturi vel.,"",2012-07-29,admin@example.com
Laboriosam cumque.,Демо,Consectetur labore officia maiores. Ipsam laboriosam repellat ex nihil eum. Temporibus voluptas et doloremque aperiam debitis. Animi similique nobis architecto eos.,"",2012-07-24,admin@example.com
Vel aut natus ea.,Заметка,Repellat qui beatae cumque consequatur occaecati quaerat velit. Amet delectus qui aut ea nostrum dolorem. Odit consequatur voluptas et voluptatum. Consequatur aut sunt quos enim rem. Quos eligendi libero voluptatem aliquam.,"",2012-07-28,admin@example.com
Et aut qui.,Встреча,Accusantium voluptatem atque vel quis et commodi voluptate. Cupiditate nihil explicabo. Voluptates qui tempore pariatur. Aut quia voluptas ut earum soluta.,"",2012-07-25,admin@example.com
Quia et omnis qui.,Возможная сделка,Vel consequatur cum sunt ullam vero eveniet sit. Adipisci qui aspernatur optio recusandae alias id. Deleniti iure autem. Fugiat vero libero quas placeat quasi voluptates.,"",2012-07-30,admin@example.com
Quos dolor sit at modi.,Факс,Rerum doloremque dolores eaque fugit. Unde quod ut laboriosam ab. Maxime quas at nam autem. Sunt ipsa est occaecati autem nostrum voluptatibus.,"",2012-08-01,admin@example.com
Eveniet.,Электронная почта,Qui possimus commodi. Deserunt temporibus maiores vel vitae alias et. Distinctio non iste saepe occaecati. Dolor nihil quas tempore et saepe. Qui minus blanditiis rerum eveniet et.,"",2012-07-30,admin@example.com
Omnis.,Звонок,Dolorum enim consequatur. Repudiandae impedit et. Nesciunt consequuntur hic expedita in. Eum est aspernatur fugiat enim consequatur aperiam.,"",2012-07-26,admin@example.com
Quidem perspiciatis ad nisi eos quo.,Факс,Iure unde eligendi ad. Sint earum numquam ut esse beatae veniam reprehenderit. Eaque facilis temporibus. Deleniti aut mollitia.,"",2012-08-01,admin@example.com
Blanditiis quisquam reprehenderit est.,Возможная сделка,Non sint autem explicabo id. Et optio quidem molestiae. Nihil voluptates inventore nesciunt sint accusamus. Id rem minima.,"",2012-07-25,admin@example.com
Officiis nostrum temporibus ut qui praesentium magnam.,Возможная сделка,Error aspernatur hic. Quia distinctio aliquam alias ut voluptas officia autem. Ut sit ipsa voluptatem. Excepturi omnis maxime ex soluta atque doloremque qui. Repellendus ea accusamus consequatur voluptate.,"",2012-07-26,admin@example.com
Asperiores dolorem sed consequatur.,Встреча,Dolor earum vitae expedita est nulla porro. Officia delectus explicabo ipsam. Id dolorem repudiandae quis. Libero iusto sint consectetur reiciendis veritatis.,"",2012-07-30,admin@example.com
Totam aut aut soluta molestiae.,Заметка,Sit dolor hic inventore quas dolores quibusdam deserunt. Molestias qui id dolor adipisci quidem. Ipsum expedita nulla. Vero perspiciatis soluta magnam unde eos ut labore. Ea eligendi perferendis temporibus praesentium et.,"",2012-07-29,admin@example.com
Et omnis necessitatibus dolor accusamus deserunt minima omnis.,Доставка,Dignissimos ducimus voluptatum aut nemo iure animi. Omnis suscipit aut voluptatibus consequatur ut id. Voluptates omnis minus in nihil unde rerum. Aut a laborum.,"",2012-07-31,admin@example.com
Corporis a occaecati iure aliquid eos ad quia sed.,Возможная сделка,Error quia quasi et numquam. Iusto aliquam ut. Ut suscipit cupiditate ut est.,"",2012-07-28,admin@example.com
Neque sunt magni nobis doloribus ea.,Демо,Et esse quibusdam et recusandae nihil. Blanditiis expedita laborum voluptas vel fuga. Nihil suscipit ab modi incidunt qui voluptas.,"",2012-07-25,admin@example.com
Quia vero mollitia esse odio debitis recusandae.,Возможная сделка,Rem deserunt est placeat ducimus ratione quo id. Impedit nesciunt minima vel quis veniam ea nulla. Fugiat error commodi. Provident at inventore soluta quis. Qui molestiae aliquid repudiandae velit impedit voluptates molestias.,"",2012-07-24,admin@example.com
Dolorum voluptas eum.,Выражение благодарности,Excepturi voluptatem quod soluta sequi. Quam ut eveniet dolor saepe reprehenderit quia nobis. Iusto alias et in dolore architecto. Nemo enim esse quisquam et.,"",2012-07-28,admin@example.com
Vel.,Выражение благодарности,Consequatur dolore dolor eveniet numquam reiciendis expedita id. Eum velit amet. Culpa dolore et nesciunt temporibus et eligendi. Atque tempora ea dolore cum libero est. Iure dolores voluptatibus quia nemo.,"",2012-08-01,admin@example.com
Qui sunt debitis veniam.,Социальные сети,Autem eveniet esse voluptas voluptas. Eos molestiae qui atque porro. Numquam et consequatur et dicta.,"",2012-07-28,admin@example.com
Non expedita et.,Заметка,Et et deserunt aut ut eligendi. Et nihil iure itaque ad. Dolores nobis aut. Error id aperiam.,"",2012-07-27,admin@example.com
Cupiditate quia est quae.,Обед,Et voluptate reprehenderit quod temporibus non nobis. Porro cupiditate nihil voluptas odio dolores et. Sed expedita et.,"",2012-07-24,admin@example.com
Officiis ut sunt accusamus.,Электронная почта,Delectus occaecati est. Quos non fuga soluta eligendi incidunt quis. Velit fugiat labore doloremque qui sunt in. Laboriosam dolor nostrum iure. Quod omnis aut incidunt.,"",2012-07-30,admin@example.com
Magni rerum fuga error.,Демо,Aut non corrupti laudantium qui. Eligendi reprehenderit magnam dolorem. Quia necessitatibus alias quasi officiis. Eaque ducimus quasi quidem a est. Neque iusto libero qui placeat qui error.,"",2012-08-01,admin@example.com
Consequatur.,Встреча,Veritatis quis laboriosam beatae. Aut illo similique sit qui. Iure ratione culpa.,"",2012-07-30,admin@example.com
Vero et.,Электронная почта,Sit provident consequuntur. Architecto eius dicta laborum ratione. Doloribus in qui eum est in perferendis aperiam. Quidem aperiam enim sit omnis dolores numquam possimus. Esse ipsa ut perspiciatis aliquid.,"",2012-07-25,admin@example.com
At non modi voluptas perferendis.,Встреча,Tempora quo voluptas non commodi voluptatem aliquam sit. Id iusto iure adipisci vero consequatur deleniti porro. Consequatur delectus expedita et nam minus. Quia beatae ut non amet sit.,"",2012-08-01,admin@example.com
Aut neque earum molestias soluta omnis quisquam.,Социальные сети,Et sed dicta rem distinctio in quasi. Cum tenetur minima molestiae. Temporibus eum molestiae asperiores autem odit quia. Dignissimos mollitia deserunt blanditiis quis.,"",2012-07-29,admin@example.com
Nisi quis atque sequi quas corporis.,Встреча,Aut unde architecto voluptas adipisci eius velit labore. Debitis doloremque impedit. Est ut dolor. Cum dignissimos provident. Qui sapiente quod officiis sint repudiandae.,"",2012-07-29,admin@example.com
Saepe neque non corporis nulla enim et soluta.,Проверка выполнения,Ut sunt et libero aut. Ratione aut distinctio debitis officia. Nemo error velit quia est eum reprehenderit nobis. Repudiandae sit qui velit. Asperiores quod iste est et architecto.,"",2012-07-27,admin@example.com
Magni doloribus culpa natus ipsam beatae omnis eum.,Выражение благодарности,Doloribus incidunt unde delectus vitae temporibus. Vel non vero. Minima veniam minus hic quia recusandae praesentium esse. Et consequuntur tempore sequi iusto vel. Vitae est quo.,"",2012-07-25,admin@example.com
Eum earum id.,Социальные сети,Impedit ex repellat tempora nobis at. Ut nesciunt architecto excepturi voluptas ex. Iure sed et cumque vel debitis placeat repudiandae. Sed velit minus natus ut possimus.,"",2012-07-28,admin@example.com
Consequatur totam ea id labore inventore.,Демо,Aperiam temporibus nam quas et. Ex quis porro. Aut suscipit est velit nostrum. Reiciendis magni excepturi.,"",2012-07-27,admin@example.com
Modi ut aliquam temporibus possimus.,Звонок,Commodi voluptas voluptate id qui. Quo illum placeat. Eligendi voluptas voluptates. Ut doloribus sed dolores.,"",2012-07-31,admin@example.com
Fuga et et cum.,Обед,Laudantium possimus consequuntur distinctio. Id ut eos magnam accusamus rem incidunt rerum. Expedita neque quia sunt nesciunt. Sequi eos aut porro dolorem. Accusamus explicabo eum ut.,"",2012-07-30,admin@example.com
Dolorem quam repellat.,Демо,Rerum non ea. Distinctio molestiae enim quis alias quidem quam. Laudantium qui possimus assumenda et tempore. Eaque et laboriosam et non maxime.,"",2012-07-24,admin@example.com
Tempore nulla quia eum rerum non dolore.,Звонок,Nulla omnis asperiores ex nostrum ut doloremque. Qui quisquam maxime earum. Deserunt impedit qui animi ea non.,"",2012-07-25,admin@example.com
Voluptas aut id pariatur molestiae vero quia.,Демо,Sunt laboriosam pariatur. Velit odit et. Maiores a nostrum eum. Rerum similique at voluptatibus praesentium iure. Dolores necessitatibus itaque eligendi voluptas nostrum cumque.,"",2012-07-30,admin@example.com
Aut quos laudantium aliquam sunt cupiditate.,Демо,Asperiores vel sunt dolorum qui assumenda. Rerum minus id saepe. Facere ipsa nemo.,"",2012-07-28,admin@example.com
Iure sapiente consequatur.,Проверка выполнения,Voluptatem repellendus et. Ut autem pariatur cumque hic sint. In molestiae excepturi sapiente nihil tempore. Quia exercitationem molestiae ipsum nulla ut libero voluptatem. Modi quia vitae ea ut.,"",2012-07-28,admin@example.com
Sit neque voluptates asperiores in quo dolores.,Возможная сделка,Maxime rerum labore at voluptatem est. Quas non dolores dicta ex doloremque ullam. Repellendus occaecati architecto commodi unde.,"",2012-07-30,admin@example.com
Tempora reprehenderit voluptatem ab non quae mollitia voluptatibus.,Проверка выполнения,Aliquam quidem molestiae eos voluptatem maiores rerum. Suscipit odit perspiciatis. Enim nostrum consequatur aut a fugiat.,"",2012-07-24,admin@example.com
Et aut ipsum sit iusto.,Проверка выполнения,Nihil iusto tempora placeat nemo ut est tempore. Autem occaecati officia repellat qui omnis est nemo. Voluptatem eaque illo laboriosam numquam. Dolores non in inventore voluptatibus rerum itaque. Consectetur voluptatibus corrupti doloribus quis beatae.,"",2012-07-30,admin@example.com
Ea voluptatem esse corporis.,Доставка,Veniam ut culpa quidem eius. Deleniti voluptate aliquam. Non maxime et.,"",2012-07-28,admin@example.com
Vitae et facere eligendi vero nam.,Проверка выполнения,Tempore modi vel repudiandae facere suscipit reprehenderit nesciunt. Expedita qui id reprehenderit voluptas in quia eum. A cupiditate sunt. Maxime qui voluptas assumenda magni sit reprehenderit. Nisi necessitatibus animi iste et consequatur et.,"",2012-07-26,admin@example.com
Qui aut autem veritatis ducimus.,Звонок,Magni veritatis odit. Dolores autem voluptatem deserunt ut possimus et. Sapiente sit non id sunt similique labore expedita. Fugiat voluptas dolor laborum saepe dolore.,"",2012-07-28,admin@example.com
Quibusdam minus ipsa et dolor qui qui reprehenderit voluptatem.,Демо,Quam qui sint ea iste distinctio. Maiores est error. Excepturi est aspernatur in corporis. Eligendi quas est laboriosam officia aliquam molestias id. Magni autem enim ut.,"",2012-07-28,admin@example.com
Non facilis animi dicta culpa est sed.,Демо,Voluptates sapiente laborum nam nesciunt saepe vel. Soluta qui molestias. Qui eum qui molestias in temporibus laudantium laborum. Magni doloribus quia. Iure ut cumque sequi vel perspiciatis ut.,"",2012-07-28,admin@example.com
Animi voluptatem ullam odio delectus sed corporis.,Заметка,Nisi non quia accusantium. Consequatur rerum pariatur et. Qui expedita aperiam. Nesciunt aut dolor quia sed harum quaerat porro. Est nihil sed vitae molestias id non aperiam.,"",2012-07-31,admin@example.com
Labore quis odio in ea.,Демо,Qui porro atque qui. Consectetur similique ex labore sit nihil sunt. Porro non temporibus id totam aut reiciendis. Velit labore in voluptates.,"",2012-07-25,admin@example.com
Nostrum iure consectetur ut unde illum maxime sed.,Заметка,Natus est excepturi vitae cumque sunt quasi. Commodi voluptas nesciunt velit perferendis sequi sint. In dolore consectetur facilis molestiae et aut.,"",2012-07-25,admin@example.com
Esse dolorem ut dolor sunt.,Встреча,Sint veritatis non nulla ut qui. Consequatur quia praesentium voluptas dolor sunt. Excepturi qui aspernatur ut incidunt. Ut tenetur reprehenderit rerum dolore maiores.,"",2012-07-28,admin@example.com
Et commodi et ad eaque dolorum.,Электронная почта,Est aspernatur omnis modi sit illum. Minima sapiente hic et corporis repellendus. Nisi consequatur nesciunt cupiditate. Voluptate et et recusandae. Officiis inventore qui qui.,"",2012-07-25,admin@example.com
Eaque dicta molestiae non.,Демо,Tenetur et fugit aut mollitia saepe repudiandae minima. Corrupti sed sint quidem qui est ducimus. Molestiae ut dicta.,"",2012-08-01,admin@example.com
Sit officiis et voluptas.,Встреча,Placeat saepe aperiam earum voluptatem. Necessitatibus a laboriosam officia dolores. Quis quam molestiae. Dolor repellat quia numquam sit.,"",2012-08-01,admin@example.com
Qui incidunt.,Заметка,Totam possimus sit aut unde. Quia quas nam ratione sit ducimus. Quia ea sunt harum rem.,"",2012-08-01,admin@example.com
Expedita similique veniam error corrupti.,Электронная почта,Provident optio alias eos. Quasi molestias eveniet. Ipsa sit et tempora voluptas omnis quos. Nesciunt id provident.,"",2012-07-28,admin@example.com
Et.,Возможная сделка,Placeat esse voluptas. Molestiae esse eaque est est vel distinctio. Aperiam reiciendis natus sunt tenetur. Veritatis molestias dolorem est amet vero similique quis. Totam minus id voluptatem aut.,"",2012-07-30,admin@example.com
Occaecati officiis repellat mollitia blanditiis omnis.,Звонок,Doloremque sapiente voluptas. Repudiandae autem et. Quia commodi unde et. Ut temporibus amet esse nihil est voluptates repellat.,"",2012-07-28,admin@example.com
Tempora placeat incidunt ab esse hic odit perspiciatis.,Заметка,Voluptas error magni tempora. Quisquam praesentium et et. Velit labore et excepturi molestias magnam rerum.,"",2012-07-24,admin@example.com
Nesciunt blanditiis neque doloribus dolorem maxime consectetur.,Встреча,Ut suscipit quia vitae illum exercitationem velit. Tempora nihil eaque cupiditate quaerat. Voluptatibus laboriosam corporis velit illo. Qui deleniti magni.,"",2012-07-30,admin@example.com
Sed repellat cupiditate expedita ullam reiciendis.,Обед,Quasi ea magni ratione molestias ut nam autem. Atque hic quam aut nisi rerum magni error. Eligendi harum minus nam sint vero ut vel. Est at autem labore qui eveniet. Magni voluptates et.,"",2012-08-01,admin@example.com
Ab.,Электронная почта,Distinctio est ex ipsa corrupti. Quia maiores iusto autem exercitationem velit sunt. Natus autem in amet placeat sit. Officiis non totam accusamus qui earum. Eius ea aut deserunt inventore.,"",2012-07-29,admin@example.com
Dignissimos et magnam autem voluptatibus doloremque ratione et.,Электронная почта,Labore asperiores assumenda qui. Aliquam neque quos adipisci ea. Qui vel modi quia aliquam voluptas. Et officiis quisquam iusto.,"",2012-08-01,admin@example.com
Numquam necessitatibus nisi ullam minus vel magnam ad.,Звонок,Fuga quo et aut. Suscipit sequi eaque perspiciatis. Dolor sunt iste. Accusamus aut nihil sit voluptates quo ut quidem.,"",2012-07-25,admin@example.com
Aspernatur quam nisi.,Демо,Autem cupiditate qui ipsa molestiae. Dignissimos excepturi repellat deserunt. Et id et necessitatibus nam ut. Nisi accusamus similique voluptatem sed eos non. Quae in et et.,"",2012-07-28,admin@example.com
Necessitatibus sed excepturi dolor.,Проверка выполнения,Eos sapiente sunt earum corrupti et quasi. Exercitationem velit cupiditate. Sit laudantium ab et. Id praesentium sed non culpa harum aspernatur impedit. Aut voluptas facilis nobis ex est.,"",2012-07-26,admin@example.com
Quis rem architecto dignissimos.,Социальные сети,Possimus ea aut vel praesentium et at. Accusantium quasi quaerat ratione ut. Enim officiis in.,"",2012-08-01,admin@example.com
Vel amet aut rem tempora qui a odit soluta.,Выражение благодарности,Beatae et eos. In animi et a dolore. Sit et cum ullam suscipit animi. Molestiae sed reiciendis eum deserunt corrupti commodi est. Fugit quis dolor sit numquam perferendis voluptates.,"",2012-07-27,admin@example.com
Quo.,Доставка,Voluptatem quibusdam eos quia. Modi rerum vitae est. Aut placeat tempore aut voluptatem. Officia reiciendis aut ut.,"",2012-07-28,admin@example.com
Et id animi sunt voluptatem rerum et occaecati.,Электронная почта,Repudiandae consequuntur natus accusantium est sunt aut est. Officia qui et aut voluptatibus. Accusamus earum et. Molestiae voluptatem esse non molestiae suscipit itaque necessitatibus. Et suscipit qui.,"",2012-07-26,admin@example.com
Dolorem aut natus sed et optio reprehenderit.,Проверка выполнения,Iusto rerum dolorem mollitia. Dolores hic modi delectus quis ex. Quia id veritatis sed ea. Est necessitatibus tempora rerum aliquid nihil non culpa. Distinctio sunt hic rem.,"",2012-07-28,admin@example.com
Atque.,Доставка,Et iure cumque autem aliquid a incidunt repellat. Ad reiciendis molestiae provident aperiam neque quaerat tenetur. Praesentium odio consequatur aliquid incidunt maxime est.,"",2012-07-29,admin@example.com
Et qui voluptas.,Социальные сети,Consequuntur molestiae voluptas perspiciatis odit consectetur occaecati iure. Porro tempora eum minus sed et nobis enim. Aliquam cumque sapiente corporis ea animi maiores fugit. Nobis corrupti recusandae voluptatem rerum enim non. Asperiores tenetur numquam consequatur qui occaecati assumenda.,"",2012-07-25,admin@example.com
Voluptate.,Электронная почта,Distinctio harum iure dolor nihil earum. Qui quasi et vitae voluptatem aperiam. Ipsum assumenda nisi mollitia ad dolorem fugit libero. Esse doloremque soluta sint dolor voluptatem quae ut.,"",2012-07-28,admin@example.com
Sit molestiae corrupti at.,Встреча,Consequuntur et est. Et explicabo aut repudiandae odio omnis ipsam. Aut at dolor voluptas maiores possimus.,"",2012-08-01,admin@example.com
Illo culpa recusandae et sunt et.,Электронная почта,Sed sunt aliquam doloremque est mollitia. Voluptas voluptatem dignissimos eum quia. Autem asperiores iste.,"",2012-07-30,admin@example.com
Molestiae alias suscipit aspernatur iure omnis.,Заметка,Nemo eos iusto sit exercitationem sequi ut. Vel maxime aut sit fugit. Est molestiae eos.,"",2012-07-26,admin@example.com
Voluptatem esse tenetur pariatur.,Заметка,Eligendi sapiente explicabo. Sapiente non consequatur at corrupti id. Ut hic earum.,"",2012-07-31,admin@example.com
Non voluptatem illo sed.,Демо,Aliquam sed sed ab atque. Id odit voluptas. Nobis sunt minus nulla ut dolorum.,"",2012-07-26,admin@example.com
Repudiandae incidunt molestiae aut repellat dolor laborum.,Социальные сети,Occaecati nihil dolorem. Dolor in sit. Tempora est qui.,"",2012-07-27,admin@example.com
Molestiae dolores ducimus atque.,Проверка выполнения,Sunt dolorem ipsum repellat iste aut. Sunt vero magnam consequatur nesciunt possimus minus. Labore dolorem qui.,"",2012-07-24,admin@example.com
Totam voluptate eius necessitatibus corrupti animi.,Обед,Eveniet autem sit quia. Asperiores dolore nobis dolorem doloribus velit est vitae. Ex quo odio suscipit dolorum.,"",2012-07-29,admin@example.com
Quia ab enim quo vero nihil voluptates.,Доставка,Occaecati ea et est eius ut et. Ipsam est consequuntur quos corrupti sint eos. Aut voluptatem autem.,"",2012-07-29,admin@example.com
Est aspernatur nam est animi consequatur.,Обед,Eos ut quo est eius nostrum. Autem error numquam. Beatae quibusdam sed aut mollitia dolores corrupti. Sit sed aliquid. Id sed quas qui maiores.,"",2012-07-26,admin@example.com
Omnis architecto quae tenetur quo qui ratione.,Встреча,Optio in accusantium ut unde. Iure saepe alias. Architecto ipsum eum aspernatur eveniet sunt alias. Aspernatur quia fugiat. Culpa delectus autem distinctio ut.,"",2012-08-01,admin@example.com
Non quae et ut voluptatum.,Звонок,Rerum ut ipsum. Et dolore voluptatem et rerum odio possimus. Non debitis consequatur natus quas repellat eaque tempore. Corrupti error possimus.,"",2012-07-28,admin@example.com
Quam saepe id earum.,Проверка выполнения,Earum nesciunt facilis. Et quis iusto delectus rerum dolorem. Et ipsum doloremque quia eum aut. Quos dolorum aperiam.,"",2012-07-26,admin@example.com
Qui minus quis dolorum vitae.,Заметка,Vero ut ut et. Qui sed ut qui ipsum ipsa distinctio dignissimos. Dolor inventore asperiores et. Sint possimus accusantium fugiat voluptatum laboriosam optio voluptates. Fugit architecto ut earum quia sapiente distinctio.,"",2012-07-24,admin@example.com
Dolorem maiores id sed corporis ut.,Факс,Maiores eligendi est eaque explicabo neque nisi maxime. Sint id doloremque dignissimos. Labore molestiae fugit error quaerat. Qui est ad. Pariatur molestias fugiat dolorem eligendi aperiam.,"",2012-07-28,admin@example.com
Deleniti illum esse aliquid dolor rerum.,Проверка выполнения,Cum doloremque nihil unde. Et sunt dolorem. Numquam iste et.,"",2012-07-25,admin@example.com
Commodi ut et autem delectus.,Заметка,Officia vitae enim. Ipsum labore dolor quia pariatur quos aspernatur temporibus. Nisi quisquam nemo et tempore et. Et necessitatibus neque in.,"",2012-07-28,admin@example.com
Hic fuga dolores eos aliquam molestiae.,Доставка,Velit quam iste aliquam fugiat id aut. Id corporis enim aspernatur numquam possimus consequatur. Ab quisquam et voluptas vel inventore quis accusamus. Vero rerum aut cum. Non a cum.,"",2012-07-27,admin@example.com
Ducimus voluptas.,Доставка,Omnis eos et. Est debitis sunt eos exercitationem vitae. Facilis voluptatem officiis deleniti accusamus ipsum qui voluptates. Eligendi sit nihil necessitatibus. Aut ut sit autem quod sint corrupti quia.,"",2012-08-01,admin@example.com
Ab facere omnis et.,Факс,Enim sapiente beatae. Rerum omnis inventore harum unde quae. Velit ex culpa molestiae ipsum iusto optio iste. Est qui et et cum eius libero expedita. Sed accusantium qui officia.,"",2012-07-30,admin@example.com
At ut placeat consequatur occaecati.,Доставка,Aut rerum odit excepturi. Vero ut fugiat a. Facilis totam occaecati architecto et nesciunt dolorem qui. Voluptatibus eum quod qui omnis autem in. Laudantium amet inventore illo consectetur enim est quis.,"",2012-08-01,admin@example.com
Enim atque doloremque quis rerum magni error ipsum.,Обед,Fugit laudantium dicta sed rerum. Dicta corporis magni et sint neque labore hic. Sint dolore ut officia rerum quas id id. Dignissimos accusantium quia cupiditate eligendi fugit autem quasi.,"",2012-07-27,admin@example.com
Repudiandae debitis ut facere et.,Встреча,Laborum id et et nulla. Quam error voluptates incidunt iusto rem sit nisi. Odit molestias autem aut deleniti a sapiente. Quae aspernatur qui numquam. Qui aperiam illum sunt ipsum sed quia facilis.,"",2012-07-24,admin@example.com
Et sint similique placeat.,Звонок,Quam quis fugiat aut nobis ab maxime consequatur. Voluptas quia accusamus dolore dicta earum expedita minima. Esse voluptate repudiandae nesciunt nisi voluptas nihil corrupti. Tenetur omnis porro voluptatibus est. Similique molestiae corporis cupiditate.,"",2012-07-29,admin@example.com
Reiciendis distinctio non alias accusamus voluptatem dolorum.,Доставка,Hic ducimus quasi ut eos maiores soluta. In consequatur dolore aliquid aut ad eum. Recusandae ea qui dolorem repellendus occaecati. Repudiandae maxime cupiditate accusantium.,"",2012-07-28,admin@example.com
Aut numquam consequuntur.,Доставка,Minima quia est nisi explicabo ipsam repellat aspernatur. Quas odio vel natus. Cupiditate ut voluptates est ut sint et. Inventore rerum voluptate deserunt et consequatur id. Architecto aut omnis sapiente ut ut.,"",2012-07-30,admin@example.com
Ut dolore sint enim quasi dolorum asperiores.,Встреча,Unde officia voluptates quia sapiente velit. Non quo quia. Ratione aspernatur autem in occaecati. Eum ab rerum voluptas tempora dolorem.,"",2012-07-30,admin@example.com
Nobis dignissimos eum soluta impedit.,Возможная сделка,Sequi natus voluptatum. Et temporibus sint quia quae ut vel est. Sed repellat ea voluptatem dicta. Molestias quia voluptatem vel reiciendis.,"",2012-07-27,admin@example.com
Non praesentium labore aut eius.,Выражение благодарности,Quia pariatur consectetur vel. Nobis id pariatur dolorum provident tempore tempora. Adipisci aliquam cumque voluptatem debitis ut. Est exercitationem dolor. Enim molestias iusto eius illo.,"",2012-08-01,admin@example.com
Sed dolorem dolore aut fugiat et.,Проверка выполнения,Maxime commodi possimus atque. Optio fugit reprehenderit reiciendis quaerat. Tempore minus ut quia quia expedita tempora totam. Eveniet sint et non modi ipsam repellat.,"",2012-07-24,admin@example.com
Repellat ipsum quia.,Социальные сети,Sit aut molestiae sed et beatae possimus omnis. Veritatis eius sunt similique voluptates exercitationem hic quo. Facilis et facere dolor. Sed et ea maiores culpa et. Laudantium facere quis esse quasi ullam.,"",2012-07-27,admin@example.com
Voluptatem itaque ut molestias sed ipsum atque nobis.,Доставка,Voluptatibus molestiae sit sit autem explicabo ea omnis. Sunt tenetur dolores qui qui. Quam dolor quae. Esse numquam facilis.,"",2012-07-29,admin@example.com
Tempore ipsa sed exercitationem sed enim.,Обед,Qui vero dicta autem sit ut odio totam. Itaque quas asperiores culpa. Cum vel expedita doloremque repellendus adipisci. Quia facilis rem nisi exercitationem dolor.,"",2012-07-27,admin@example.com
Officia sint.,Заметка,Quod odio quis maiores dolor adipisci earum. Unde omnis suscipit explicabo consequuntur. Neque ut dolorum.,"",2012-07-26,admin@example.com
Ut pariatur.,Выражение благодарности,Sed rerum eum laboriosam ullam. Ad autem numquam maiores est. Et iure iste est et. Non sint pariatur qui consequatur hic error. Quia incidunt in ea perferendis deserunt.,"",2012-07-26,admin@example.com
Repudiandae maiores consequatur et iure voluptatem.,Встреча,Perferendis laborum et ex non et eos magnam. In quos ipsam quod incidunt aut. Suscipit quisquam quidem doloribus. In repudiandae pariatur commodi temporibus ducimus. Aliquam consequatur fuga quo sed quibusdam omnis voluptate.,"",2012-07-28,admin@example.com
Molestiae.,Возможная сделка,Numquam hic iusto molestiae. Quidem nam commodi ea voluptates quis. Maxime officiis exercitationem iure natus tempora ut necessitatibus.,"",2012-07-26,admin@example.com
Placeat est delectus autem est nam.,Социальные сети,Impedit neque accusantium. Est magni ipsa nesciunt. Sapiente facere sit at ex. Quisquam tempore maxime. Reprehenderit quibusdam omnis eaque sed quae.,"",2012-07-30,admin@example.com
Blanditiis et.,Звонок,Aut ratione ut. Deleniti expedita minima voluptatem modi est illo cupiditate. Eum totam molestiae. Eum minima sunt numquam error dolor eveniet. Quos voluptas aperiam aut adipisci aspernatur consectetur non.,"",2012-07-28,admin@example.com
Deserunt dicta voluptatum labore et.,Электронная почта,Quo qui ratione. Voluptate ex iure reprehenderit rem aperiam voluptatem. Id qui non labore et libero ipsam omnis. Sit harum quia ipsa sed unde accusantium. Hic aspernatur at repudiandae quia accusantium.,"",2012-07-24,admin@example.com
Quis recusandae explicabo consectetur impedit.,Проверка выполнения,Inventore distinctio et iusto ut. Beatae et ad est dolorum in. Nesciunt laborum quia et nostrum.,"",2012-07-28,admin@example.com
Ratione.,Проверка выполнения,Quia consequatur qui. Eligendi voluptates provident eum nemo atque dolores inventore. Non quo est quisquam in tenetur nihil qui. Numquam aut ut neque laboriosam quasi dicta eveniet. Itaque ducimus error et non.,"",2012-07-28,admin@example.com
Facilis voluptatibus.,Социальные сети,Itaque consequatur id libero minima placeat eum amet. Eum ad qui officia rerum repellat eligendi accusamus. Voluptates quo soluta sint voluptatem possimus ratione iste.,"",2012-07-27,admin@example.com
Ut.,Звонок,Sint totam molestiae distinctio. Officia voluptas eius est. Blanditiis suscipit voluptate tempora deserunt vero.,"",2012-07-24,admin@example.com
Facilis molestiae.,Доставка,Sed recusandae aspernatur aliquam est ut. Eaque animi accusantium modi voluptate optio nostrum. Nesciunt voluptatem in sapiente sit. Quisquam totam est reprehenderit neque. Nihil accusantium harum iusto reprehenderit est dolorem illum.,"",2012-07-28,admin@example.com
Et provident nihil quisquam non.,Факс,Provident quia alias aliquid tempora et quibusdam maiores. Ut aut quia fuga. Quasi occaecati qui debitis voluptatum. Aut iste velit. Error illo voluptatem provident voluptas corporis.,"",2012-07-28,admin@example.com
Nam laudantium ipsum iure aut.,Социальные сети,Iure quasi cupiditate fugiat aut laudantium. Praesentium odio provident ullam. Aut explicabo atque voluptatum rerum et veniam. Fugiat ea explicabo.,"",2012-07-31,admin@example.com
Non ea et explicabo consequatur commodi.,Доставка,Modi facilis non dolorem est. Magni id labore et nulla. Neque possimus qui eveniet dolore blanditiis voluptatem.,"",2012-07-26,admin@example.com
Ut voluptatem et eum.,Выражение благодарности,Laborum enim quis et est. Dolorem sunt id reiciendis laboriosam. Ipsam praesentium similique autem mollitia.,"",2012-08-01,admin@example.com
Quidem tenetur quis rerum.,Возможная сделка,Sit nobis consectetur et sint rerum dolorem. Commodi ipsa veniam sit. Incidunt officia eveniet aspernatur porro.,"",2012-07-31,admin@example.com
Voluptatum laborum iste et earum.,Возможная сделка,Asperiores sit et nemo eaque animi. Tenetur omnis laboriosam. Voluptatem vel nihil hic ut velit mollitia. Sit non nam.,"",2012-07-28,admin@example.com
Eligendi ut non ullam rerum et.,Заметка,Accusamus esse sed impedit iste. Quidem qui suscipit aut. Ratione voluptatem natus deserunt. Aut velit facere magnam. Asperiores mollitia beatae iure.,"",2012-07-27,admin@example.com
Libero est eos.,Заметка,Sint earum voluptas eveniet soluta reiciendis quo magnam. Sit deleniti doloribus. Quasi dolor in. Ut consectetur mollitia nihil dolor.,"",2012-07-27,admin@example.com
Voluptates doloremque voluptas dignissimos perspiciatis sunt pariatur cumque.,Возможная сделка,Id numquam voluptas quia labore ad vitae aperiam. Distinctio soluta fugit. Magnam et iure.,"",2012-07-31,admin@example.com
Et beatae architecto consequatur eveniet et.,Проверка выполнения,Ut quidem ratione ut maxime et in. Ipsum et quas qui incidunt. Ipsam saepe aut est neque nihil repellendus. Suscipit mollitia alias dolorem est debitis ad illum.,"",2012-07-25,admin@example.com
Rerum non consectetur similique.,Выражение благодарности,Beatae aspernatur tenetur veniam eum. Reiciendis earum ut eum. Suscipit quidem est facere iure saepe. Non qui qui ullam. Sed quaerat autem ipsam voluptates blanditiis minus maxime.,"",2012-07-29,admin@example.com
Doloribus in non asperiores voluptas reprehenderit et.,Обед,Et culpa sit omnis distinctio illum consequatur. Nostrum sit consequatur voluptas iusto laudantium nulla perferendis. Aut accusantium a eos tenetur asperiores architecto.,"",2012-07-30,admin@example.com
Quia in iste quisquam occaecati voluptatem ipsum.,Возможная сделка,Et deleniti rerum. Rerum aliquid nesciunt est reprehenderit. Recusandae eum ut quaerat et veniam nostrum.,"",2012-07-26,admin@example.com
Distinctio optio cumque doloremque.,Демо,Quisquam et deleniti nemo accusamus quo voluptatem. Dicta dolores voluptatibus id dolor exercitationem. Minus id velit. Aperiam sit explicabo saepe doloremque et modi ab.,"",2012-07-31,admin@example.com
Neque rem.,Демо,Magni enim maiores et optio libero dicta neque. Impedit porro qui esse atque. Eum tempore sint ea. Blanditiis quia aut itaque quia quis rerum eveniet.,"",2012-08-01,admin@example.com
Quae placeat.,Факс,Alias ut est id saepe sed. Autem aut perferendis quibusdam in. Nihil cupiditate sed. Nihil consequatur ratione maxime quis impedit.,"",2012-07-28,admin@example.com
Dignissimos iste.,Проверка выполнения,Nam eveniet quo ullam voluptatum. Optio vel vel aliquam. Quis sapiente quo. In non corrupti non. Possimus vel et eligendi aut non rerum.,"",2012-07-30,admin@example.com
Doloribus iure suscipit et.,Электронная почта,Dolor porro quia. Voluptatem sed omnis. Impedit qui est voluptatem at. Sunt quis et aut.,"",2012-07-25,admin@example.com
Ullam voluptatem placeat soluta inventore similique.,Проверка выполнения,Maiores quidem consectetur. Ea aut fuga saepe fugit mollitia veritatis. Optio nemo aut nihil. Eos earum repellendus asperiores.,"",2012-07-31,admin@example.com
Consequuntur et sed.,Проверка выполнения,Dolorem tempore officia accusantium. Dolorum consequatur id necessitatibus inventore. Vitae autem itaque natus illum optio. Est accusamus recusandae odio quibusdam facere ut. Neque velit sapiente sed.,"",2012-07-31,admin@example.com
Laboriosam sed incidunt officia soluta iure.,Звонок,Corporis veritatis commodi sunt nostrum. Tempora enim repudiandae voluptates. Ex ut harum aut dolorem magni facere. Incidunt dolore sed.,"",2012-07-27,admin@example.com
Possimus eos sed quis qui neque.,Возможная сделка,Voluptate sequi vel itaque nihil doloribus quia. Facere aut repellat explicabo. Aut expedita magni atque ut sed. Voluptas incidunt et necessitatibus neque laborum et excepturi. Commodi magni est aliquid.,"",2012-07-27,admin@example.com
Aliquam dolorum optio debitis.,Звонок,Sed et eveniet. Deserunt et sit culpa consequatur quidem ea deleniti. Illum consectetur non. Odit voluptatum ratione cum nobis architecto et. Deserunt praesentium amet asperiores.,"",2012-07-25,admin@example.com
Non odio quibusdam.,Выражение благодарности,Accusantium mollitia eaque dolor. Ipsum quod ratione est. Dolore molestias perferendis facilis et ipsa cumque nisi. Qui reprehenderit et aut cupiditate ut et ratione.,"",2012-07-25,admin@example.com
Ut aut sit in corporis sint qui.,Проверка выполнения,Voluptatem porro ea recusandae perferendis occaecati itaque praesentium. Eveniet et harum et nostrum ut. Ut harum officia ea unde esse itaque. Optio sequi ut et neque reprehenderit vitae.,"",2012-07-31,admin@example.com
Quae in explicabo est totam aut facere.,Возможная сделка,Quod quia deserunt nam nihil nulla. Quo nulla molestiae. Exercitationem consequatur sequi voluptatibus.,"",2012-07-28,admin@example.com
Eum repudiandae ea quaerat ducimus.,Доставка,Quasi magnam qui repellat repudiandae quibusdam non. Pariatur nobis dolorum consequatur. Numquam consequatur officia.,"",2012-08-01,admin@example.com
Reiciendis voluptatem totam ut nisi.,Доставка,Facere doloremque laboriosam deleniti dolorem et ad. Accusamus dicta hic provident est. Ut et consequuntur velit.,"",2012-07-30,admin@example.com
Beatae sunt sed.,Возможная сделка,Expedita eveniet suscipit ipsum qui id perferendis illo. Eveniet molestiae velit quia. Dolor adipisci excepturi veniam voluptas. Qui possimus nihil iusto vitae aut dolorum amet. Similique amet inventore aut.,"",2012-07-31,admin@example.com
Sequi assumenda velit minus.,Звонок,Omnis quisquam dolores magnam ut velit officiis iusto. At sit dignissimos assumenda. Repellendus necessitatibus quia laboriosam sed et aut. Autem aliquam voluptatibus omnis suscipit sequi assumenda temporibus. Sit natus commodi quos et recusandae illo temporibus.,"",2012-07-26,admin@example.com
Dolores natus.,Встреча,Similique tenetur libero laudantium non placeat. Eligendi culpa ut sunt eos quis consequatur blanditiis. Minus adipisci saepe. Soluta quia et totam quibusdam vel.,"",2012-07-25,admin@example.com
Voluptatem voluptatum culpa soluta eum nam.,Обед,Aperiam laborum voluptate suscipit odit. Sit aliquid quia officiis sed. Maiores corporis voluptatem ut eaque distinctio possimus. Sed maxime aspernatur eum ex blanditiis.,"",2012-07-26,admin@example.com
Et rerum recusandae pariatur facilis.,Встреча,Harum velit voluptatem. Velit et cum impedit enim doloremque. Qui voluptatem aut assumenda. Minus iure inventore.,"",2012-08-01,admin@example.com
Nulla quisquam quia et voluptate distinctio hic quae.,Встреча,Explicabo ex dolore non architecto. Voluptatem aut omnis. Voluptatibus neque ab. Fugiat et ipsa necessitatibus iste et mollitia. Quisquam tenetur qui cumque quia.,"",2012-07-28,admin@example.com
Accusamus corporis.,Демо,Sit sunt consectetur rerum nulla. Eum a rerum dignissimos adipisci aspernatur earum. In ducimus nemo corrupti veniam similique.,"",2012-07-29,admin@example.com
Saepe incidunt consequatur alias consectetur quasi.,Выражение благодарности,Aliquam necessitatibus illum et. Officia explicabo distinctio. Ullam dicta est.,"",2012-07-29,admin@example.com
Maxime.,Возможная сделка,Deleniti saepe sunt nobis eaque sequi eius et. Et sit architecto illo corrupti. Esse similique inventore dolores fuga sit nesciunt. Inventore in sunt iste et.,"",2012-07-29,admin@example.com
Nostrum dolorem.,Заметка,In qui exercitationem rerum sed recusandae est commodi. Et ducimus rerum ab corporis ipsam repellat. Autem illum doloribus non at est. Eius culpa maiores sed distinctio.,"",2012-07-31,admin@example.com
Est dolore quidem sit velit mollitia.,Выражение благодарности,Illo delectus id unde. Autem quia id. Enim quia suscipit tenetur.,"",2012-08-01,admin@example.com
Suscipit tenetur quisquam et commodi dolorem et optio.,Встреча,Ea dolorem doloremque. Aut molestias tempore. Eveniet non dolorum. Molestiae qui doloribus autem esse. Perspiciatis corporis sapiente error mollitia temporibus quas possimus.,"",2012-07-28,admin@example.com
Animi veniam assumenda sit et voluptas enim rerum.,Встреча,Voluptas error expedita. Ut ratione necessitatibus doloribus enim. Ad nulla enim ut non enim maxime. Doloremque laudantium porro perspiciatis aut magnam. Consequatur omnis et.,"",2012-07-25,admin@example.com
Asperiores nihil et sed culpa minus et neque et.,Заметка,Voluptatem id magnam hic aut quo quaerat sunt. Perspiciatis quod laborum itaque voluptas soluta consequuntur. Sit adipisci in. Dolores non corporis quis quia sed. Sit ab consequatur ratione corrupti.,"",2012-07-27,admin@example.com
Voluptatum.,Проверка выполнения,Necessitatibus dolorem velit eos eligendi et. Iusto voluptatibus earum atque dicta necessitatibus dolor. Magnam dignissimos autem placeat occaecati qui. Sed maxime est eum magni a nulla et.,"",2012-07-27,admin@example.com
Nostrum animi nemo.,Заметка,Voluptas nihil nostrum quia odit. Id cum perspiciatis voluptatem distinctio. Facere quisquam occaecati qui et eum eos. Non sed voluptatem voluptas rerum consequatur. Dolor nulla corrupti occaecati aut reprehenderit debitis.,"",2012-07-24,admin@example.com
Deserunt quia natus voluptatem in saepe dignissimos consequuntur.,Социальные сети,Molestiae hic adipisci qui quis dignissimos consectetur. Sed aliquid inventore quibusdam id quidem quaerat perspiciatis. Id quidem in velit doloribus reprehenderit voluptatem. Amet reprehenderit maiores error beatae assumenda praesentium vel. Omnis soluta amet rem vel recusandae veniam.,"",2012-08-01,admin@example.com
Et laborum.,Проверка выполнения,Voluptatem ratione qui quo. Voluptatibus tempore repellendus itaque est. Aliquid tempore accusantium animi. Dolore officiis ullam nulla vel.,"",2012-07-27,admin@example.com
Veniam omnis dicta.,Проверка выполнения,Cumque perferendis quisquam soluta reiciendis. Quaerat totam et voluptatem aut odio. Placeat at et ratione.,"",2012-07-31,admin@example.com
Et ut.,Социальные сети,Voluptatem ipsum animi dolorem ut maiores quae facilis. Dolores itaque quaerat eius earum amet nisi quisquam. Maiores libero voluptas laboriosam quo. Eum rem iste occaecati. Sapiente quaerat error.,"",2012-07-25,admin@example.com
Necessitatibus sit eos unde voluptatem.,Звонок,Eos laudantium et et. Eos porro sunt reiciendis numquam. Assumenda perferendis aut voluptate. Voluptas molestias qui sunt quis.,"",2012-07-27,admin@example.com
A quo id perferendis mollitia incidunt.,Обед,Voluptates nulla repellendus. Unde quaerat voluptatibus excepturi. Quia quia similique sunt amet.,"",2012-07-28,admin@example.com
Ratione eum doloremque eaque voluptatem.,Социальные сети,Ut voluptatem recusandae. Cum tempora corrupti. Corrupti eum et autem reiciendis numquam unde quidem.,"",2012-07-29,admin@example.com
Qui saepe sint numquam tenetur at commodi.,Обед,Omnis laborum asperiores quo. Odit quia sunt a qui. Praesentium magnam perspiciatis velit illo nam ut.,"",2012-07-29,admin@example.com
Nisi nihil ut corporis.,Демо,Fugiat laborum maxime quo est neque et ut. Accusamus et aut fugit velit nihil. Nostrum est rerum autem ratione laudantium veniam et. Totam in voluptatum.,"",2012-07-26,admin@example.com
Maxime non ullam laboriosam illum pariatur ut.,Заметка,Asperiores officia earum assumenda ut quis veniam minus. At ut velit odit quod voluptatem et expedita. Architecto sed velit est commodi.,"",2012-07-26,admin@example.com
Repudiandae dolorum maxime debitis enim cumque.,Возможная сделка,Ea dolorem doloribus dolorem vitae sed fuga voluptatem. Quibusdam quos consectetur. Commodi esse et mollitia veniam eaque harum est. Asperiores assumenda quia eius quis aut rerum odio.,"",2012-07-22,admin@example.com
Optio debitis suscipit voluptate aut.,Обед,Explicabo consequatur saepe adipisci accusantium culpa velit. Nihil et sapiente aut suscipit et soluta. Iste hic nihil et consequuntur voluptas quaerat. Officia temporibus voluptate eos.,"",2012-07-22,admin@example.com
Mollitia quis doloremque ad quis architecto ab corrupti.,Доставка,Magni iusto et expedita vero accusamus. Nihil sit non possimus quisquam sapiente. Reiciendis rem animi aut nihil voluptas omnis. Animi dolores quibusdam quas qui nostrum. Est voluptatem ducimus adipisci asperiores vitae dolorem quaerat.,"",2012-07-22,admin@example.com
Qui placeat libero.,Проверка выполнения,Voluptatem enim autem eum. Molestiae fuga in qui quos. At ea molestias vero incidunt.,"",2012-07-22,admin@example.com
Commodi maxime eius vitae officia omnis.,Обед,Numquam accusamus et mollitia vitae. Dolores tenetur nesciunt fugiat veniam ipsam reiciendis. Voluptatum eum et ab doloremque.,"",2012-07-21,admin@example.com
Quisquam.,Доставка,Quidem voluptates vitae vel id occaecati non magni. Nam aut commodi voluptatem odio nihil earum quisquam. Ut mollitia qui et enim. Sint dolorum sed ut. Repellendus dolor ea possimus necessitatibus.,"",2012-07-20,admin@example.com
Doloribus quos ratione ea repellat est sed.,Заметка,Totam reiciendis molestiae eum ut. Sint quia optio ut et perferendis sed. Optio commodi cum. Consequatur omnis non accusamus cumque necessitatibus sit. Dignissimos ut rerum voluptatem quibusdam.,"",2012-07-20,admin@example.com
Et iusto quidem ducimus sint saepe sed.,Демо,Eos at fugiat eum exercitationem. Odio non magnam. Numquam rerum sit ut accusantium eligendi fugiat velit.,"",2012-07-20,admin@example.com
Omnis aliquid assumenda aspernatur impedit blanditiis.,Возможная сделка,Aut repellendus pariatur rem optio autem. Aliquid est cupiditate rem laboriosam. Nemo et libero accusantium sit.,"",2012-07-19,admin@example.com
Non.,Электронная почта,Ipsa quisquam vitae molestiae voluptatem ipsam. Odit et facilis. Aperiam laudantium libero id praesentium quo enim.,"",2012-07-17,admin@example.com
A occaecati est necessitatibus accusamus est ipsa magnam.,Заметка,Sit dignissimos omnis voluptatem qui et. Autem sit nostrum ut voluptas nobis dolorem. Omnis excepturi dignissimos. In nihil enim deleniti maxime fugit ullam et. Nobis vel quod.,"",2012-07-17,admin@example.com
Id culpa quam error aspernatur.,Электронная почта,Expedita impedit provident eos occaecati alias ipsam. Ut tempore amet delectus quos aut. Sed ad nostrum et similique cupiditate.,"",2012-07-17,admin@example.com
Vitae natus asperiores sed qui molestiae.,Электронная почта,Numquam ut praesentium. Aut incidunt architecto aliquam. Omnis et quas cum veritatis ipsam.,"",2012-07-17,admin@example.com
Nihil laudantium nam culpa id dignissimos in nisi suscipit.,Встреча,Sit consectetur ipsam deleniti voluptate sint. Quas quis laudantium ullam. Aut laudantium culpa quas deleniti.,"",2012-07-16,admin@example.com
Necessitatibus rerum harum inventore voluptatibus repudiandae.,Социальные сети,A quia vel provident quas pariatur sit nihil. Itaque rerum facere commodi aliquid fuga voluptatem. Quisquam molestias ut quia enim voluptas. Quidem saepe error aut et excepturi.,"",2012-07-16,admin@example.com
Ut aut molestiae ut maiores alias in ex consequatur.,Обед,Est placeat enim qui sit repellat nulla ut. Quia soluta explicabo dolorem inventore sapiente. Veritatis ut quia incidunt qui. Voluptatum error doloremque rerum ut quia ipsa. Est voluptatem nihil ex.,"",2012-07-16,admin@example.com
Et soluta.,Выражение благодарности,Sit nulla labore et in ullam minus. Sunt impedit mollitia ut. Atque eos ea aliquam voluptas dolores saepe eveniet.,"",2012-07-16,admin@example.com
Natus rerum excepturi.,Звонок,Eligendi dicta autem voluptatem beatae cumque dolores. Sunt sit assumenda et mollitia sint. Dolorem rem alias maiores veritatis quae similique tempora. Est iste delectus hic doloremque. Ut labore consequatur laudantium ad reiciendis.,"",2012-07-15,admin@example.com
Sint placeat modi et qui.,Звонок,Quod pariatur recusandae. Vel officiis suscipit voluptatem velit. Et voluptatum totam accusantium quaerat qui. Sunt autem perferendis nihil nulla quo sed.,"",2012-07-15,admin@example.com
Molestiae possimus ullam nisi aut.,Доставка,Qui sint modi quas sit molestias quia ab. Iure laborum exercitationem sint dolorum officiis ratione aut. Tempore aliquam magnam laudantium natus esse deserunt cupiditate. Error ut placeat incidunt consequatur provident.,"",2012-07-15,admin@example.com
Et magni nam amet facilis dolor maxime ab.,Заметка,Aut officia sapiente est ut. Temporibus voluptatem id architecto ea delectus soluta et. Iusto quo hic ad temporibus rem odit ut. Corrupti modi voluptate molestiae ea aut adipisci doloremque.,"",2012-07-15,admin@example.com
Quis amet delectus at cupiditate.,Заметка,Velit eveniet nesciunt explicabo cum nam et. Laboriosam rerum dicta hic et voluptatibus non. Corporis enim et commodi enim quo dolorem tempore.,"",2012-07-14,admin@example.com
Saepe dolorum tempora maxime ut.,Заметка,Labore et temporibus minus iste. Omnis quibusdam cupiditate. Cum voluptates voluptas occaecati earum accusamus ducimus.,"",2012-07-14,admin@example.com
Et molestiae rerum tempore beatae esse cum veritatis ut.,Социальные сети,Sit porro aut enim molestiae nobis dignissimos perspiciatis. Tempora fugit totam aspernatur dolor voluptate fugiat. Est eos alias qui esse voluptatem et expedita. Saepe illum itaque dolores laborum natus explicabo. Ea voluptatibus aut excepturi omnis est tempora numquam.,"",2012-07-14,admin@example.com
Est nihil illum molestiae qui.,Проверка выполнения,Nostrum excepturi quis voluptate neque. Delectus temporibus qui cupiditate totam consequatur nulla tenetur. Aliquam eum fuga culpa distinctio perspiciatis. Accusantium itaque possimus recusandae non nulla. Deserunt autem reiciendis provident maxime.,"",2012-07-13,admin@example.com
Consequuntur est harum expedita dolorum dignissimos voluptatem.,Возможная сделка,Sit occaecati deserunt id vel quam culpa. Vel atque repudiandae minima beatae quaerat rerum mollitia. Perspiciatis eum minima ut rem saepe quidem. Deleniti quod id delectus optio unde. Placeat fugiat nihil non illo sit ipsa odio.,"",2012-07-13,admin@example.com
Asperiores ex possimus consequatur enim id et sint ut.,Встреча,Exercitationem labore veritatis corrupti iure qui corporis commodi. Fugiat eum quae beatae consequatur eos. Saepe enim officiis perferendis quo. Perferendis sunt debitis vitae. Non blanditiis voluptas nihil velit quia ab.,"",2012-07-13,admin@example.com
Quae at qui.,Факс,Sit ut laborum quo odit at. In veritatis quisquam et nisi. Atque voluptatem voluptas sint sed perferendis ut. Iure libero officiis excepturi.,"",2012-07-13,admin@example.com
Nesciunt qui quod et impedit rerum commodi qui nostrum.,Заметка,Officiis commodi voluptas nesciunt voluptas non quia sit. Natus suscipit temporibus quidem dolorem animi. Eum dicta voluptatem dolore itaque mollitia dignissimos unde. Fuga repellat dolorem eum ipsum et sit. Voluptas corporis corrupti assumenda non aspernatur rem.,"",2012-07-12,admin@example.com
