Имя,Фамилия,Название,Должность,Тип контакта,Описание
"","","Conn, Mann and Hand","","",
"","","Williamson, Cartwright and Marquardt","","",
"","",Carter Inc,"","",
"","","Pfannerstill, Carter and Bartoletti","","",
"","",Hane-Kub,"","",
Rosalyn,Hayes,"Conn, Mann and Hand",,"",
Clair,Macejkovic,"Conn, Mann and Hand",,"",
Alia,Champlin,"Williamson, Cartwright and Marquardt",,"",
Carrie,Connelly,"Williamson, Cartwright and Marquardt",,"",
Newton,Windler,"Williamson, Cartwright and Marquardt",,"",
Humberto,Mayer,Carter Inc,,"",
Audra,Cormier,Carter Inc,,"",
Dariana,McGlynn,Carter Inc,,"",
Annabell,Hoppe,Carter Inc,,"",
Theresa,Mitchell,"Pfannerstill, Carter and Bartoletti",,"",
Ida,Schroeder,"Pfannerstill, Carter and Bartoletti",,"",
Leora,Herzog,"Pfannerstill, Carter and Bartoletti",,"",
Maya,Barton,"Pfannerstill, Carter and Bartoletti",,"",
Sigrid,Nolan,"Pfannerstill, Carter and Bartoletti",,"",
Ada,Erdman,Hane-Kub,,"",
General,Klein,Hane-Kub,,"",
Jalen,Block,Hane-Kub,,"",
Bella,Hagenes,Hane-Kub,,"",
Rodger,Beer,Hane-Kub,,"",
