Название,Статус
Qui nulla accusantium dolorum adipisci.,true
Aut sint.,true
Explicabo vero atque excepturi dicta.,true
Qui harum et nisi et impedit.,true
Delectus odit asperiores.,true
Laboriosam explicabo dolores quos nulla deleniti.,true
Natus minus aut nobis aperiam.,true
Cupiditate eum eveniet itaque blanditiis sunt.,true
Exercitationem ipsam ad at voluptatibus.,true
Est optio quia quia pariatur modi illo tempore.,true
Sequi aperiam omnis.,true
Sint qui ipsa et est eligendi.,true
Culpa molestiae fuga rem porro.,true
Eum culpa et qui debitis.,true
Omnis non sed asperiores aperiam aut.,true
Rerum dolores ipsum delectus.,true
Dolor inventore harum eaque.,true
Rerum minima suscipit quos aut dignissimos.,true
Quas dolores est autem facilis.,true
Itaque ratione et perferendis.,true
Animi nemo eos.,true
Enim et rem velit.,true
Veniam sit dolore repellendus ut.,true
Magnam perferendis rerum at quasi.,true
Earum eum iure eos.,true
Minima quae quasi incidunt doloribus.,true
Libero sint officiis molestiae possimus.,true
Velit fugit id commodi tempora impedit quasi excepturi.,true
Aut eum quia earum.,true
Ut natus ea ut.,true
Eum incidunt sequi eveniet iure.,true
Sint et blanditiis ipsa dolores assumenda aut totam.,true
Totam adipisci molestiae.,true
A doloribus reiciendis ducimus.,true
Id nulla cum voluptatem dolores eligendi suscipit.,true
Facilis perspiciatis eos temporibus explicabo et.,true
Ut voluptate necessitatibus ratione.,true
Qui ut rerum occaecati maxime amet et.,true
Sapiente assumenda eos.,true
Exercitationem aperiam distinctio et ducimus saepe quo.,true
Et doloribus deleniti.,true
Aut blanditiis dolores temporibus.,true
Sit placeat ad ut ab libero.,true
Natus aliquid maxime pariatur quidem ut.,true
Molestias voluptatem expedita nulla qui.,true
Perspiciatis voluptas adipisci.,true
Est tempore beatae eum praesentium.,true
Sed dolor at asperiores illo est deserunt.,true
Blanditiis ex dolores ut.,true
Repellendus.,true
In cumque quam ut et placeat quidem.,true
Illo sequi rerum ut.,true
Amet quod et et.,true
Est officiis.,true
